"CountyName";"StateName";"CrimeRate";"fips"
"Abbeville County";"Abbeville County";511.8567;"45001.0"
"Acadia Parish";"Acadia Parish";163.9766;"22001.0"
"Accomack County";"Accomack County";190.0567;"51001.0"
"Ada County";"Ada County";206.5004;"16001.0"
"Adair County";"Adair County";310.8948;"40001.0"
"Adams County";"Adams County";385.208;"19003.0"
"Addison County";"Addison County";59.7972;"50001.0"
"Aiken County";"Aiken County";331.3517;"45003.0"
"Aitkin County";"Aitkin County";139.7535;"27001.0"
"Alachua County";"Alachua County";605.2452;"12001.0"
"Alamance County";"Alamance County";436.5907;"37001.0"
"Alameda County";"Alameda County";753.6936;"6001.0"
"Alamosa County";"Alamosa County";178.4286;"8003.0"
"Albany County";"Albany County";330.6781;"36001.0"
"Albemarle County";"Albemarle County";103.8835;"51003.0"
"Alcona County";"Alcona County";132.3502;"26001.0"
"Alcorn County";"Alcorn County";0.0;"28003.0"
"Aleutians East Borough";"Aleutians East Borough";0.0;"2013.0"
"Aleutians West Census Area";"Aleutians West Census Area";235.8919;"2016.0"
"Alexander County";"Alexander County";1664.7005;"17003.0"
"Alexandria city";"Alexandria city";164.5488;"51510.0"
"Alfalfa County";"Alfalfa County";119.7195;"40003.0"
"Alger County";"Alger County";157.5299;"26003.0"
"Allamakee County";"Allamakee County";84.6919;"19005.0"
"Allegan County";"Allegan County";200.8335;"26005.0"
"Allegany County";"Allegany County";364.5217;"24001.0"
"Alleghany County";"Alleghany County";105.1915;"51005.0"
"Allegheny County";"Allegheny County";409.4916;"42003.0"
"Allen County";"Allen County";530.8743;"39003.0"
"Allen Parish";"Allen Parish";93.9813;"22003.0"
"Allendale County";"Allendale County";376.0545;"45005.0"
"Alpena County";"Alpena County";182.1869;"26007.0"
"Alpine County";"Alpine County";690.2502;"6003.0"
"Amador County";"Amador County";355.9791;"6005.0"
"Amelia County";"Amelia County";204.0016;"51007.0"
"Amherst County";"Amherst County";46.6157;"51009.0"
"Amite County";"Amite County";62.0203;"28005.0"
"Anchorage Municipality";"Anchorage Municipality";824.7217;"2020.0"
"Anderson County";"Anderson County";600.0808;"45007.0"
"Andrew County";"Andrew County";80.2522;"29003.0"
"Andrews County";"Andrews County";547.6516;"48003.0"
"Androscoggin County";"Androscoggin County";141.2587;"23001.0"
"Angelina County";"Angelina County";381.9718;"48005.0"
"Anne Arundel County";"Anne Arundel County";442.1108;"24003.0"
"Anoka County";"Anoka County";137.836;"27003.0"
"Anson County";"Anson County";531.3253;"37007.0"
"Antelope County";"Antelope County";61.9579;"31003.0"
"Antrim County";"Antrim County";154.0436;"26009.0"
"Apache County";"Apache County";95.9213;"4001.0"
"Appanoose County";"Appanoose County";330.9171;"19007.0"
"Appling County";"Appling County";162.6898;"13001.0"
"Appomattox County";"Appomattox County";32.7761;"51011.0"
"Aransas County";"Aransas County";246.3459;"48007.0"
"Arapahoe County";"Arapahoe County";297.9887;"8005.0"
"Archer County";"Archer County";138.2329;"48009.0"
"Archuleta County";"Archuleta County";196.8181;"8007.0"
"Arenac County";"Arenac County";154.9687;"26011.0"
"Arkansas County";"Arkansas County";591.1487;"5001.0"
"Arlington County";"Arlington County";135.6122;"51013.0"
"Armstrong County";"Armstrong County";96.9063;"42005.0"
"Aroostook County";"Aroostook County";84.2195;"23003.0"
"Arthur County";"Arthur County";0.0;"31005.0"
"Ascension Parish";"Ascension Parish";67.3118;"22005.0"
"Ashe County";"Ashe County";103.127;"37009.0"
"Ashland County";"Ashland County";330.9191;"55003.0"
"Ashley County";"Ashley County";244.3265;"5003.0"
"Ashtabula County";"Ashtabula County";94.178;"39007.0"
"Asotin County";"Asotin County";226.142;"53003.0"
"Assumption Parish";"Assumption Parish";375.2102;"22007.0"
"Atascosa County";"Atascosa County";161.3828;"48013.0"
"Atchison County";"Atchison County";358.2303;"20005.0"
"Athens County";"Athens County";85.0327;"39009.0"
"Atkinson County";"Atkinson County";373.9445;"13003.0"
"Atlantic County";"Atlantic County";457.4751;"34001.0"
"Atoka County";"Atoka County";93.5386;"40005.0"
"Attala County";"Attala County";93.1822;"28007.0"
"Audrain County";"Audrain County";175.3634;"29007.0"
"Audubon County";"Audubon County";68.1083;"19009.0"
"Auglaize County";"Auglaize County";39.1986;"39011.0"
"Augusta County";"Augusta County";117.7075;"51015.0"
"Aurora County";"Aurora County";0.0;"46003.0"
"Austin County";"Austin County";194.1276;"48015.0"
"Autauga County";"Autauga County";251.6019;"1001.0"
"Avery County";"Avery County";135.4937;"37011.0"
"Avoyelles Parish";"Avoyelles Parish";777.2585;"22009.0"
"Baca County";"Baca County";135.7958;"8009.0"
"Bacon County";"Bacon County";392.2967;"13005.0"
"Bailey County";"Bailey County";140.5679;"48017.0"
"Baker County";"Baker County";236.923;"12003.0"
"Baldwin County";"Baldwin County";501.7485;"13009.0"
"Ballard County";"Ballard County";120.0192;"21007.0"
"Baltimore city";"Baltimore city";1419.5376;"24510.0"
"Baltimore County";"Baltimore County";508.0102;"24005.0"
"Bamberg County";"Bamberg County";699.9352;"45009.0"
"Bandera County";"Bandera County";111.6451;"48019.0"
"Banks County";"Banks County";298.6696;"13011.0"
"Banner County";"Banner County";0.0;"31007.0"
"Bannock County";"Bannock County";235.4383;"16005.0"
"Baraga County";"Baraga County";161.0121;"26013.0"
"Barber County";"Barber County";282.9998;"20007.0"
"Barbour County";"Barbour County";262.3733;"54001.0"
"Barnes County";"Barnes County";107.2386;"38003.0"
"Barnstable County";"Barnstable County";421.4149;"25001.0"
"Barnwell County";"Barnwell County";953.931;"45011.0"
"Barren County";"Barren County";116.2061;"21009.0"
"Barron County";"Barron County";100.7093;"55005.0"
"Barrow County";"Barrow County";460.4425;"13013.0"
"Barry County";"Barry County";281.12;"29009.0"
"Bartholomew County";"Bartholomew County";168.3692;"18005.0"
"Barton County";"Barton County";425.3154;"20009.0"
"Bartow County";"Bartow County";407.8086;"13015.0"
"Bastrop County";"Bastrop County";336.3007;"48021.0"
"Bates County";"Bates County";308.1571;"29013.0"
"Bath County";"Bath County";43.3276;"51017.0"
"Baxter County";"Baxter County";119.6377;"5005.0"
"Bay County";"Bay County";497.1798;"12005.0"
"Bayfield County";"Bayfield County";125.3629;"55007.0"
"Baylor County";"Baylor County";166.021;"48023.0"
"Beadle County";"Beadle County";237.8319;"46005.0"
"Bear Lake County";"Bear Lake County";84.1326;"16007.0"
"Beaufort County";"Beaufort County";536.5519;"45013.0"
"Beauregard Parish";"Beauregard Parish";182.4868;"22011.0"
"Beaver County";"Beaver County";319.1958;"42007.0"
"Beaverhead County";"Beaverhead County";74.9384;"30001.0"
"Becker County";"Becker County";81.2494;"27005.0"
"Beckham County";"Beckham County";160.7649;"40009.0"
"Bedford city";"Bedford city";201.7485;"51515.0"
"Bedford County";"Bedford County";383.4339;"47003.0"
"Bee County";"Bee County";182.9324;"48025.0"
"Belknap County";"Belknap County";207.7137;"33001.0"
"Bell County";"Bell County";402.9458;"48027.0"
"Belmont County";"Belmont County";47.4336;"39013.0"
"Beltrami County";"Beltrami County";240.8583;"27007.0"
"Ben Hill County";"Ben Hill County";508.1359;"13017.0"
"Benewah County";"Benewah County";276.4264;"16009.0"
"Bennett County";"Bennett County";260.7184;"46007.0"
"Bennington County";"Bennington County";155.4871;"50003.0"
"Benson County";"Benson County";43.6237;"38005.0"
"Bent County";"Bent County";246.1322;"8011.0"
"Benton County";"Benton County";443.6932;"29015.0"
"Benzie County";"Benzie County";74.5926;"26019.0"
"Bergen County";"Bergen County";93.2642;"34003.0"
"Berkeley County";"Berkeley County";381.9194;"45015.0"
"Berks County";"Berks County";331.7848;"42011.0"
"Berkshire County";"Berkshire County";333.3719;"25003.0"
"Bernalillo County";"Bernalillo County";738.4819;"35001.0"
"Berrien County";"Berrien County";432.2006;"26021.0"
"Bertie County";"Bertie County";152.3791;"37015.0"
"Bethel Census Area";"Bethel Census Area";275.932;"2050.0"
"Bexar County";"Bexar County";431.0606;"48029.0"
"Bibb County";"Bibb County";524.1693;"13021.0"
"Bienville Parish";"Bienville Parish";386.2385;"22013.0"
"Big Horn County";"Big Horn County";214.691;"30003.0"
"Big Stone County";"Big Stone County";0.0;"27011.0"
"Billings County";"Billings County";0.0;"38007.0"
"Bingham County";"Bingham County";147.9355;"16011.0"
"Black Hawk County";"Black Hawk County";430.0394;"19013.0"
"Blackford County";"Blackford County";80.1218;"18009.0"
"Bladen County";"Bladen County";361.6221;"37017.0"
"Blaine County";"Blaine County";328.1917;"16013.0"
"Blair County";"Blair County";254.1286;"42013.0"
"Blanco County";"Blanco County";186.515;"48031.0"
"Bland County";"Bland County";14.8478;"51021.0"
"Bleckley County";"Bleckley County";156.6048;"13023.0"
"Bledsoe County";"Bledsoe County";85.6631;"47007.0"
"Blount County";"Blount County";345.3265;"47009.0"
"Blue Earth County";"Blue Earth County";242.6444;"27013.0"
"Boise County";"Boise County";220.7506;"16015.0"
"Bolivar County";"Bolivar County";155.658;"28011.0"
"Bollinger County";"Bollinger County";136.1089;"29017.0"
"Bon Homme County";"Bon Homme County";0.0;"46009.0"
"Bond County";"Bond County";28.6205;"17005.0"
"Bonner County";"Bonner County";100.7396;"16017.0"
"Bonneville County";"Bonneville County";186.9472;"16019.0"
"Boone County";"Boone County";364.8118;"29019.0"
"Borden County";"Borden County";156.9859;"48033.0"
"Bosque County";"Bosque County";78.4094;"48035.0"
"Bossier Parish";"Bossier Parish";224.514;"22015.0"
"Botetourt County";"Botetourt County";87.8735;"51023.0"
"Bottineau County";"Bottineau County";74.228;"38009.0"
"Boulder County";"Boulder County";169.0061;"8013.0"
"Boundary County";"Boundary County";101.3545;"16021.0"
"Bourbon County";"Bourbon County";457.8508;"20011.0"
"Bowie County";"Bowie County";622.5465;"48037.0"
"Bowman County";"Bowman County";0.0;"38011.0"
"Box Butte County";"Box Butte County";0.0;"31013.0"
"Box Elder County";"Box Elder County";185.0612;"49003.0"
"Boyd County";"Boyd County";165.6916;"21019.0"
"Boyle County";"Boyle County";224.0375;"21021.0"
"Bracken County";"Bracken County";47.5285;"21023.0"
"Bradford County";"Bradford County";484.1713;"12007.0"
"Bradley County";"Bradley County";600.8955;"47011.0"
"Branch County";"Branch County";203.8993;"26023.0"
"Brantley County";"Brantley County";207.7411;"13025.0"
"Braxton County";"Braxton County";193.0768;"54007.0"
"Brazoria County";"Brazoria County";147.7704;"48039.0"
"Brazos County";"Brazos County";418.8734;"48041.0"
"Breathitt County";"Breathitt County";14.7656;"21025.0"
"Breckinridge County";"Breckinridge County";59.8802;"21027.0"
"Bremer County";"Bremer County";194.9318;"19017.0"
"Brevard County";"Brevard County";537.9223;"12009.0"
"Brewster County";"Brewster County";107.689;"48043.0"
"Briscoe County";"Briscoe County";0.0;"48045.0"
"Bristol Bay Borough";"Bristol Bay Borough";104.1667;"2060.0"
"Bristol city";"Bristol city";346.0008;"51520.0"
"Bristol County";"Bristol County";515.3949;"25005.0"
"Broadwater County";"Broadwater County";281.0963;"30007.0"
"Bronx County";"Bronx County";632.0428;"36005.0"
"Brooke County";"Brooke County";105.3208;"54009.0"
"Brookings County";"Brookings County";30.3324;"46011.0"
"Brooks County";"Brooks County";560.7115;"13027.0"
"Broome County";"Broome County";303.2389;"36007.0"
"Broomfield County";"Broomfield County";50.4448;"8014.0"
"Broward County";"Broward County";470.9481;"12011.0"
"Brown County";"Brown County";368.2217;"48049.0"
"Brule County";"Brule County";204.9944;"46015.0"
"Brunswick County";"Brunswick County";146.5729;"37019.0"
"Bryan County";"Bryan County";522.1047;"40013.0"
"Buchanan County";"Buchanan County";382.6801;"29021.0"
"Buckingham County";"Buckingham County";157.563;"51029.0"
"Bucks County";"Bucks County";102.3963;"42017.0"
"Buena Vista city";"Buena Vista city";74.8503;"51530.0"
"Buena Vista County";"Buena Vista County";296.5916;"19021.0"
"Buffalo County";"Buffalo County";110.6634;"31019.0"
"Bullitt County";"Bullitt County";117.1052;"21029.0"
"Bulloch County";"Bulloch County";172.7188;"13031.0"
"Bullock County";"Bullock County";526.3653;"1011.0"
"Buncombe County";"Buncombe County";238.7944;"37021.0"
"Bureau County";"Bureau County";138.008;"17011.0"
"Burke County";"Burke County";658.727;"13033.0"
"Burleigh County";"Burleigh County";275.8402;"38015.0"
"Burleson County";"Burleson County";139.7868;"48051.0"
"Burlington County";"Burlington County";150.8302;"34005.0"
"Burnet County";"Burnet County";171.143;"48053.0"
"Burnett County";"Burnett County";221.744;"55013.0"
"Burt County";"Burt County";60.8458;"31021.0"
"Butler County";"Butler County";554.7432;"29023.0"
"Butte County";"Butte County";307.9833;"6007.0"
"Butts County";"Butts County";278.2415;"13035.0"
"Cabarrus County";"Cabarrus County";111.0957;"37025.0"
"Cabell County";"Cabell County";331.5042;"54011.0"
"Cache County";"Cache County";52.1773;"49005.0"
"Caddo County";"Caddo County";385.2132;"40015.0"
"Caddo Parish";"Caddo Parish";614.7822;"22017.0"
"Calaveras County";"Calaveras County";226.8898;"6009.0"
"Calcasieu Parish";"Calcasieu Parish";504.3626;"22019.0"
"Caldwell County";"Caldwell County";364.4984;"48055.0"
"Caldwell Parish";"Caldwell Parish";240.2643;"22021.0"
"Caledonia County";"Caledonia County";144.4298;"50005.0"
"Calhoun County";"Calhoun County";689.8666;"13037.0"
"Callahan County";"Callahan County";118.2994;"48059.0"
"Callaway County";"Callaway County";261.5027;"29027.0"
"Calloway County";"Calloway County";127.4663;"21035.0"
"Calumet County";"Calumet County";128.988;"55015.0"
"Calvert County";"Calvert County";127.0943;"24009.0"
"Camas County";"Camas County";95.9693;"16025.0"
"Cambria County";"Cambria County";226.3361;"42021.0"
"Camden County";"Camden County";610.3101;"34007.0"
"Cameron County";"Cameron County";258.8215;"48061.0"
"Cameron Parish";"Cameron Parish";29.656;"22023.0"
"Camp County";"Camp County";290.0185;"48063.0"
"Campbell County";"Campbell County";372.7819;"47013.0"
"Canadian County";"Canadian County";450.354;"40017.0"
"Candler County";"Candler County";256.0117;"13043.0"
"Cannon County";"Cannon County";225.0454;"47015.0"
"Canyon County";"Canyon County";216.7234;"16027.0"
"Cape Girardeau County";"Cape Girardeau County";362.1314;"29031.0"
"Cape May County";"Cape May County";265.9103;"34009.0"
"Carbon County";"Carbon County";300.1715;"49007.0"
"Caribou County";"Caribou County";190.9518;"16029.0"
"Carlisle County";"Carlisle County";39.992;"21039.0"
"Carlton County";"Carlton County";132.5437;"27017.0"
"Caroline County";"Caroline County";351.7573;"24011.0"
"Carroll County";"Carroll County";300.8322;"13045.0"
"Carson City";"Carson City";244.0828;"32510.0"
"Carson County";"Carson County";83.1947;"48065.0"
"Carter County";"Carter County";930.0695;"40019.0"
"Carteret County";"Carteret County";293.7137;"37031.0"
"Carver County";"Carver County";62.7865;"27019.0"
"Cascade County";"Cascade County";236.6964;"30013.0"
"Casey County";"Casey County";62.2394;"21045.0"
"Cass County";"Cass County";371.2134;"27021.0"
"Cassia County";"Cassia County";145.7289;"16031.0"
"Castro County";"Castro County";99.6264;"48069.0"
"Caswell County";"Caswell County";267.3566;"37033.0"
"Catahoula Parish";"Catahoula Parish";439.539;"22025.0"
"Catawba County";"Catawba County";311.3494;"37035.0"
"Catoosa County";"Catoosa County";200.5788;"13047.0"
"Catron County";"Catron County";277.2387;"35003.0"
"Cattaraugus County";"Cattaraugus County";190.1333;"36009.0"
"Cavalier County";"Cavalier County";0.0;"38019.0"
"Cayuga County";"Cayuga County";178.668;"36011.0"
"Cecil County";"Cecil County";538.6948;"24015.0"
"Cedar County";"Cedar County";402.5013;"29039.0"
"Centre County";"Centre County";97.8102;"42027.0"
"Cerro Gordo County";"Cerro Gordo County";114.7447;"19033.0"
"Chaffee County";"Chaffee County";54.0249;"8015.0"
"Chambers County";"Chambers County";562.028;"1017.0"
"Champaign County";"Champaign County";560.2815;"17019.0"
"Chariton County";"Chariton County";314.6303;"29041.0"
"Charles City County";"Charles City County";84.1515;"51036.0"
"Charles County";"Charles County";376.1514;"24017.0"
"Charles Mix County";"Charles Mix County";140.6774;"46023.0"
"Charleston County";"Charleston County";402.3573;"45019.0"
"Charlevoix County";"Charlevoix County";145.4323;"26029.0"
"Charlotte County";"Charlotte County";242.2057;"12015.0"
"Charlottesville city";"Charlottesville city";446.4588;"51540.0"
"Charlton County";"Charlton County";135.7978;"13049.0"
"Chase County";"Chase County";259.2593;"20017.0"
"Chatham County";"Chatham County";385.7288;"13051.0"
"Chattahoochee County";"Chattahoochee County";0.0;"13053.0"
"Chattooga County";"Chattooga County";163.0997;"13055.0"
"Chautauqua County";"Chautauqua County";229.1855;"36013.0"
"Chaves County";"Chaves County";549.9597;"35005.0"
"Cheatham County";"Cheatham County";339.3092;"47021.0"
"Cheboygan County";"Cheboygan County";108.8393;"26031.0"
"Chelan County";"Chelan County";156.8267;"53007.0"
"Chemung County";"Chemung County";250.8305;"36015.0"
"Chenango County";"Chenango County";115.1445;"36017.0"
"Cherokee County";"Cherokee County";501.1989;"48073.0"
"Cherry County";"Cherry County";259.1569;"31031.0"
"Chesapeake city";"Chesapeake city";365.1804;"51550.0"
"Cheshire County";"Cheshire County";137.0578;"33005.0"
"Chester County";"Chester County";598.5634;"45023.0"
"Chesterfield County";"Chesterfield County";476.2214;"45025.0"
"Cheyenne County";"Cheyenne County";111.3586;"20023.0"
"Chickasaw County";"Chickasaw County";115.5335;"28017.0"
"Chicot County";"Chicot County";591.0895;"5017.0"
"Childress County";"Childress County";408.7385;"48075.0"
"Chilton County";"Chilton County";354.9407;"1021.0"
"Chippewa County";"Chippewa County";284.2671;"26033.0"
"Chisago County";"Chisago County";79.9836;"27025.0"
"Chittenden County";"Chittenden County";146.6947;"50007.0"
"Choctaw County";"Choctaw County";272.5158;"40023.0"
"Chouteau County";"Chouteau County";102.5816;"30015.0"
"Chowan County";"Chowan County";312.3727;"37041.0"
"Christian County";"Christian County";258.8752;"21047.0"
"Churchill County";"Churchill County";187.0091;"32001.0"
"Cibola County";"Cibola County";720.6878;"35006.0"
"Cimarron County";"Cimarron County";0.0;"40025.0"
"Citrus County";"Citrus County";323.8291;"12017.0"
"Clackamas County";"Clackamas County";104.0532;"41005.0"
"Claiborne County";"Claiborne County";557.6679;"47025.0"
"Claiborne Parish";"Claiborne Parish";450.4505;"22027.0"
"Clallam County";"Clallam County";272.4306;"53009.0"
"Clare County";"Clare County";219.1763;"26035.0"
"Clarendon County";"Clarendon County";550.1383;"45027.0"
"Clarion County";"Clarion County";153.2371;"42031.0"
"Clark County";"Clark County";685.1531;"32003.0"
"Clarke County";"Clarke County";480.0254;"1025.0"
"Clatsop County";"Clatsop County";69.8099;"41007.0"
"Clay County";"Clay County";430.0756;"1027.0"
"Clayton County";"Clayton County";575.2782;"13063.0"
"Clear Creek County";"Clear Creek County";265.7513;"8019.0"
"Clearfield County";"Clearfield County";304.2846;"42033.0"
"Clearwater County";"Clearwater County";139.9091;"16035.0"
"Cleburne County";"Cleburne County";245.2698;"5023.0"
"Clermont County";"Clermont County";78.4145;"39025.0"
"Cleveland County";"Cleveland County";337.8629;"40027.0"
"Clinch County";"Clinch County";529.8013;"13065.0"
"Clinton County";"Clinton County";460.5535;"19045.0"
"Cloud County";"Cloud County";484.2876;"20029.0"
"Coahoma County";"Coahoma County";95.3062;"28027.0"
"Coal County";"Coal County";136.3559;"40029.0"
"Cobb County";"Cobb County";264.2257;"13067.0"
"Cochise County";"Cochise County";590.8568;"4003.0"
"Cochran County";"Cochran County";198.939;"48079.0"
"Cocke County";"Cocke County";625.7223;"47029.0"
"Coconino County";"Coconino County";334.7029;"4005.0"
"Codington County";"Codington County";247.7291;"46029.0"
"Coffee County";"Coffee County";459.1712;"47031.0"
"Coffey County";"Coffey County";202.0922;"20031.0"
"Coke County";"Coke County";0.0;"48081.0"
"Colbert County";"Colbert County";482.3918;"1033.0"
"Cole County";"Cole County";415.9116;"29051.0"
"Coleman County";"Coleman County";175.5823;"48083.0"
"Coles County";"Coles County";273.7583;"17029.0"
"Colfax County";"Colfax County";145.1046;"35007.0"
"Colleton County";"Colleton County";762.1467;"45029.0"
"Collier County";"Collier County";244.0805;"12021.0"
"Collin County";"Collin County";147.6407;"48085.0"
"Collingsworth County";"Collingsworth County";0.0;"48087.0"
"Colonial Heights city";"Colonial Heights city";232.5054;"51570.0"
"Colorado County";"Colorado County";293.9476;"48089.0"
"Colquitt County";"Colquitt County";386.8179;"13071.0"
"Columbia County";"Columbia County";654.3979;"12023.0"
"Columbiana County";"Columbiana County";36.8296;"39029.0"
"Columbus County";"Columbus County";370.3316;"37047.0"
"Colusa County";"Colusa County";215.376;"6011.0"
"Comal County";"Comal County";268.3997;"48091.0"
"Comanche County";"Comanche County";766.7865;"40031.0"
"Concho County";"Concho County";148.4047;"48095.0"
"Concordia Parish";"Concordia Parish";577.2429;"22029.0"
"Conecuh County";"Conecuh County";644.0599;"1035.0"
"Conejos County";"Conejos County";36.245;"8021.0"
"Contra Costa County";"Contra Costa County";400.6562;"6013.0"
"Converse County";"Converse County";237.5463;"56009.0"
"Conway County";"Conway County";268.2984;"5029.0"
"Cook County";"Cook County";596.6569;"17031.0"
"Cooke County";"Cooke County";231.3671;"48097.0"
"Cooper County";"Cooper County";192.6673;"29053.0"
"Coos County";"Coos County";186.2496;"41011.0"
"Coosa County";"Coosa County";192.6959;"1037.0"
"Copiah County";"Copiah County";55.3231;"28029.0"
"Corson County";"Corson County";23.7248;"46031.0"
"Cortland County";"Cortland County";130.6762;"36023.0"
"Coryell County";"Coryell County";185.0588;"48099.0"
"Coshocton County";"Coshocton County";54.407;"39031.0"
"Costilla County";"Costilla County";170.5514;"8023.0"
"Cottle County";"Cottle County";0.0;"48101.0"
"Cotton County";"Cotton County";16.2549;"40033.0"
"Cottonwood County";"Cottonwood County";77.4793;"27033.0"
"Covington city";"Covington city";223.4445;"51580.0"
"Covington County";"Covington County";258.6707;"1039.0"
"Coweta County";"Coweta County";165.19;"13077.0"
"Cowley County";"Cowley County";425.3674;"20035.0"
"Cowlitz County";"Cowlitz County";305.321;"53015.0"
"Craig County";"Craig County";115.1631;"51045.0"
"Craighead County";"Craighead County";322.2056;"5031.0"
"Crane County";"Crane County";188.5607;"48103.0"
"Craven County";"Craven County";310.0805;"37049.0"
"Crawford County";"Crawford County";375.8797;"13079.0"
"Creek County";"Creek County";218.5327;"40037.0"
"Crenshaw County";"Crenshaw County";479.0505;"1041.0"
"Crisp County";"Crisp County";475.6599;"13081.0"
"Crittenden County";"Crittenden County";1754.915;"5035.0"
"Crockett County";"Crockett County";651.0863;"47033.0"
"Crook County";"Crook County";278.6452;"41013.0"
"Crosby County";"Crosby County";83.4585;"48107.0"
"Cross County";"Cross County";347.618;"5037.0"
"Crow Wing County";"Crow Wing County";159.7899;"27035.0"
"Crowley County";"Crowley County";206.6892;"8025.0"
"Culberson County";"Culberson County";43.9174;"48109.0"
"Cullman County";"Cullman County";237.5914;"1043.0"
"Culpeper County";"Culpeper County";148.4352;"51047.0"
"Cumberland County";"Cumberland County";562.7994;"37051.0"
"Cuming County";"Cuming County";22.2321;"31039.0"
"Currituck County";"Currituck County";151.6642;"37053.0"
"Curry County";"Curry County";401.2016;"35009.0"
"Custer County";"Custer County";289.342;"40039.0"
"Cuyahoga County";"Cuyahoga County";521.2349;"39035.0"
"Dade County";"Dade County";230.2054;"13083.0"
"Daggett County";"Daggett County";0.0;"49009.0"
"Dakota County";"Dakota County";119.3488;"31043.0"
"Dale County";"Dale County";410.9534;"1045.0"
"Dallam County";"Dallam County";410.9395;"48111.0"
"Dallas County";"Dallas County";828.6503;"1047.0"
"Dane County";"Dane County";220.2224;"55025.0"
"Daniels County";"Daniels County";111.6695;"30019.0"
"Danville city";"Danville city";314.634;"51590.0"
"Dare County";"Dare County";265.5701;"37055.0"
"Darke County";"Darke County";135.5583;"39037.0"
"Darlington County";"Darlington County";746.3016;"45031.0"
"Dauphin County";"Dauphin County";525.2143;"42043.0"
"Davidson County";"Davidson County";1129.5137;"47037.0"
"Davie County";"Davie County";175.675;"37059.0"
"Daviess County";"Daviess County";169.0118;"21059.0"
"Davis County";"Davis County";90.6568;"49011.0"
"Davison County";"Davison County";292.5894;"46035.0"
"Dawes County";"Dawes County";110.0352;"31045.0"
"Dawson County";"Dawson County";211.7522;"30021.0"
"Day County";"Day County";0.0;"46037.0"
"De Baca County";"De Baca County";471.9455;"35011.0"
"De Soto Parish";"De Soto Parish";1447.4024;"22031.0"
"De Witt County";"De Witt County";60.9013;"17039.0"
"Deaf Smith County";"Deaf Smith County";172.0811;"48117.0"
"Dearborn County";"Dearborn County";54.1039;"18029.0"
"Decatur County";"Decatur County";488.8089;"47039.0"
"Deer Lodge County";"Deer Lodge County";289.4201;"30023.0"
"Defiance County";"Defiance County";88.2383;"39039.0"
"DeKalb County";"DeKalb County";592.9851;"13089.0"
"Del Norte County";"Del Norte County";556.0937;"6015.0"
"Delaware County";"Delaware County";516.039;"42045.0"
"Delta County";"Delta County";262.837;"26041.0"
"Dent County";"Dent County";209.7902;"29065.0"
"Denton County";"Denton County";161.4986;"48121.0"
"Denver County";"Denver County";599.0808;"8031.0"
"Des Moines County";"Des Moines County";506.4229;"19057.0"
"Deschutes County";"Deschutes County";231.3894;"41017.0"
"Desha County";"Desha County";415.8337;"5041.0"
"DeSoto County";"DeSoto County";431.6714;"12027.0"
"Deuel County";"Deuel County";69.4444;"46039.0"
"Dewey County";"Dewey County";123.8646;"40043.0"
"DeWitt County";"DeWitt County";497.4882;"48123.0"
"Dickens County";"Dickens County";87.2981;"48125.0"
"Dickenson County";"Dickenson County";83.9468;"51051.0"
"Dickey County";"Dickey County";19.0549;"38021.0"
"Dickinson County";"Dickinson County";147.8913;"20041.0"
"Dickson County";"Dickson County";348.1479;"47043.0"
"Dillingham Census Area";"Dillingham Census Area";938.1238;"2070.0"
"Dillon County";"Dillon County";1165.5833;"45033.0"
"Dimmit County";"Dimmit County";468.0187;"48127.0"
"Dinwiddie County";"Dinwiddie County";207.8555;"51053.0"
"District of Columbia";"District of Columbia";1216.8013;"11001.0"
"Divide County";"Divide County";0.0;"38023.0"
"Dixie County";"Dixie County";363.8645;"12029.0"
"Dixon County";"Dixon County";153.8199;"31051.0"
"Doddridge County";"Doddridge County";95.8773;"54017.0"
"Dodge County";"Dodge County";320.4373;"13091.0"
"Dolores County";"Dolores County";49.2854;"8033.0"
"Doniphan County";"Doniphan County";318.4308;"20043.0"
"Donley County";"Donley County";283.9296;"48129.0"
"Dooly County";"Dooly County";293.6242;"13093.0"
"Door County";"Door County";71.6949;"55029.0"
"Dorchester County";"Dorchester County";508.267;"24019.0"
"Dougherty County";"Dougherty County";930.4177;"13095.0"
"Douglas County";"Douglas County";483.3822;"31055.0"
"Drew County";"Drew County";361.991;"5043.0"
"Dubois County";"Dubois County";61.3772;"18037.0"
"Dubuque County";"Dubuque County";161.9695;"19061.0"
"Duchesne County";"Duchesne County";167.4217;"49013.0"
"Dukes County";"Dukes County";191.2378;"25007.0"
"Dundy County";"Dundy County";0.0;"31057.0"
"Dunklin County";"Dunklin County";394.1726;"29069.0"
"Dunn County";"Dunn County";216.2422;"38025.0"
"DuPage County";"DuPage County";94.6224;"17043.0"
"Duplin County";"Duplin County";326.21;"37061.0"
"Durham County";"Durham County";621.2409;"37063.0"
"Dutchess County";"Dutchess County";227.6738;"36027.0"
"Duval County";"Duval County";738.8316;"48131.0"
"Dyer County";"Dyer County";688.2475;"47045.0"
"Eagle County";"Eagle County";171.5593;"8037.0"
"Early County";"Early County";635.553;"13099.0"
"East Baton Rouge Parish";"East Baton Rouge Parish";667.0754;"22033.0"
"East Carroll Parish";"East Carroll Parish";557.843;"22035.0"
"East Feliciana Parish";"East Feliciana Parish";20.2758;"22037.0"
"Eastland County";"Eastland County";230.2001;"48133.0"
"Eaton County";"Eaton County";174.4379;"26045.0"
"Eau Claire County";"Eau Claire County";159.7035;"55035.0"
"Echols County";"Echols County";0.0;"13101.0"
"Ector County";"Ector County";781.909;"48135.0"
"Eddy County";"Eddy County";569.667;"35015.0"
"Edgar County";"Edgar County";317.3719;"17045.0"
"Edgecombe County";"Edgecombe County";615.3957;"37065.0"
"Edgefield County";"Edgefield County";192.9187;"45037.0"
"Edmonson County";"Edmonson County";91.1955;"21061.0"
"Edmunds County";"Edmunds County";0.0;"46045.0"
"Edwards County";"Edwards County";239.8082;"17047.0"
"Effingham County";"Effingham County";104.9349;"17049.0"
"El Dorado County";"El Dorado County";244.3091;"6017.0"
"El Paso County";"El Paso County";391.4377;"48141.0"
"Elbert County";"Elbert County";377.5703;"13105.0"
"Elk County";"Elk County";79.418;"42047.0"
"Elkhart County";"Elkhart County";405.8575;"18039.0"
"Elko County";"Elko County";351.2523;"32007.0"
"Elliott County";"Elliott County";39.2824;"21063.0"
"Ellis County";"Ellis County";409.4835;"20051.0"
"Ellsworth County";"Ellsworth County";203.1885;"20053.0"
"Elmore County";"Elmore County";284.2946;"1051.0"
"Emanuel County";"Emanuel County";612.236;"13107.0"
"Emery County";"Emery County";74.4255;"49015.0"
"Emmet County";"Emmet County";170.068;"19063.0"
"Emmons County";"Emmons County";0.0;"38029.0"
"Emporia city";"Emporia city";572.6557;"51595.0"
"Erath County";"Erath County";143.7289;"48143.0"
"Erie County";"Erie County";459.306;"36029.0"
"Escambia County";"Escambia County";798.5168;"12033.0"
"Esmeralda County";"Esmeralda County";240.3846;"32009.0"
"Essex County";"Essex County";659.9837;"34013.0"
"Estill County";"Estill County";27.6091;"21065.0"
"Etowah County";"Etowah County";513.8024;"1055.0"
"Eureka County";"Eureka County";289.0173;"32011.0"
"Evangeline Parish";"Evangeline Parish";41.694;"22039.0"
"Evans County";"Evans County";120.0037;"13109.0"
"Fairbanks North Star Borough";"Fairbanks North Star Borough";182.2056;"2090.0"
"Fairfax city";"Fairfax city";87.5985;"51600.0"
"Fairfax County";"Fairfax County";79.7578;"51059.0"
"Fairfield County";"Fairfield County";675.0617;"45039.0"
"Fall River County";"Fall River County";87.7321;"46047.0"
"Fallon County";"Fallon County";0.0;"30025.0"
"Falls Church city";"Falls Church city";88.8362;"51610.0"
"Falls County";"Falls County";188.6469;"48145.0"
"Fannin County";"Fannin County";357.7441;"13111.0"
"Faribault County";"Faribault County";112.7475;"27043.0"
"Faulk County";"Faulk County";41.9111;"46049.0"
"Faulkner County";"Faulkner County";314.4339;"5045.0"
"Fauquier County";"Fauquier County";81.8367;"51061.0"
"Fayette County";"Fayette County";369.9405;"21067.0"
"Fentress County";"Fentress County";251.2703;"47049.0"
"Fergus County";"Fergus County";252.152;"30027.0"
"Ferry County";"Ferry County";156.9448;"53019.0"
"Fillmore County";"Fillmore County";52.7958;"27045.0"
"Finney County";"Finney County";417.8123;"20055.0"
"Fisher County";"Fisher County";155.6017;"48151.0"
"Flagler County";"Flagler County";257.1131;"12035.0"
"Flathead County";"Flathead County";269.6953;"30029.0"
"Fleming County";"Fleming County";34.4637;"21069.0"
"Florence County";"Florence County";451.8312;"45041.0"
"Floyd County";"Floyd County";356.9155;"13115.0"
"Fluvanna County";"Fluvanna County";65.4425;"51065.0"
"Foard County";"Foard County";156.6171;"48155.0"
"Fond du Lac County";"Fond du Lac County";222.0083;"55039.0"
"Ford County";"Ford County";381.9754;"20057.0"
"Forest County";"Forest County";432.4466;"42053.0"
"Forrest County";"Forrest County";167.4042;"28035.0"
"Forsyth County";"Forsyth County";535.9615;"37067.0"
"Fort Bend County";"Fort Bend County";247.5608;"48157.0"
"Foster County";"Foster County";0.0;"38031.0"
"Fountain County";"Fountain County";23.6967;"18045.0"
"Franklin city";"Franklin city";393.6096;"51620.0"
"Franklin County";"Franklin County";793.2402;"12037.0"
"Franklin Parish";"Franklin Parish";243.0606;"22041.0"
"Frederick County";"Frederick County";256.8256;"24021.0"
"Fredericksburg city";"Fredericksburg city";398.1231;"51630.0"
"Freeborn County";"Freeborn County";116.3242;"27047.0"
"Freestone County";"Freestone County";239.2344;"48161.0"
"Fremont County";"Fremont County";254.0311;"8043.0"
"Fresno County";"Fresno County";534.2981;"6019.0"
"Frio County";"Frio County";127.318;"48163.0"
"Frontier County";"Frontier County";0.0;"31063.0"
"Fulton County";"Fulton County";826.1768;"13121.0"
"Furnas County";"Furnas County";0.0;"31065.0"
"Gadsden County";"Gadsden County";528.2071;"12039.0"
"Gage County";"Gage County";178.3754;"31067.0"
"Gaines County";"Gaines County";110.9878;"48165.0"
"Galax city";"Galax city";511.7271;"51640.0"
"Gallatin County";"Gallatin County";186.8666;"30031.0"
"Gallia County";"Gallia County";94.7062;"39053.0"
"Galveston County";"Galveston County";267.9427;"48167.0"
"Garden County";"Garden County";0.0;"31069.0"
"Garfield County";"Garfield County";310.2837;"53023.0"
"Garland County";"Garland County";388.9969;"5051.0"
"Garrard County";"Garrard County";59.1191;"21079.0"
"Garrett County";"Garrett County";230.8542;"24023.0"
"Garvin County";"Garvin County";259.7498;"40049.0"
"Garza County";"Garza County";0.0;"48169.0"
"Gasconade County";"Gasconade County";147.6411;"29073.0"
"Gaston County";"Gaston County";374.8448;"37071.0"
"Gates County";"Gates County";0.0;"37073.0"
"Geary County";"Geary County";497.5391;"20061.0"
"Geauga County";"Geauga County";36.181;"39055.0"
"Gem County";"Gem County";161.8123;"16045.0"
"Genesee County";"Genesee County";922.7784;"26049.0"
"Geneva County";"Geneva County";318.0305;"1061.0"
"Gentry County";"Gentry County";0.0;"29075.0"
"George County";"George County";51.8157;"28039.0"
"Georgetown County";"Georgetown County";476.5056;"45043.0"
"Gibson County";"Gibson County";515.5994;"47053.0"
"Gila County";"Gila County";245.038;"4007.0"
"Gilchrist County";"Gilchrist County";194.9087;"12041.0"
"Giles County";"Giles County";379.1832;"47055.0"
"Gillespie County";"Gillespie County";78.8737;"48171.0"
"Gilliam County";"Gilliam County";51.3611;"41021.0"
"Gilmer County";"Gilmer County";223.9407;"13123.0"
"Gilpin County";"Gilpin County";357.0791;"8047.0"
"Glacier County";"Glacier County";363.9275;"30035.0"
"Glades County";"Glades County";292.2443;"12043.0"
"Gladwin County";"Gladwin County";223.5908;"26051.0"
"Glascock County";"Glascock County";0.0;"13125.0"
"Glasscock County";"Glasscock County";79.9361;"48173.0"
"Glenn County";"Glenn County";279.1696;"6021.0"
"Gloucester County";"Gloucester County";158.4759;"34015.0"
"Glynn County";"Glynn County";559.4543;"13127.0"
"Gogebic County";"Gogebic County";106.8108;"26053.0"
"Golden Valley County";"Golden Valley County";232.8289;"30037.0"
"Goliad County";"Goliad County";133.9585;"48175.0"
"Gonzales County";"Gonzales County";512.0126;"48177.0"
"Goochland County";"Goochland County";73.985;"51075.0"
"Goodhue County";"Goodhue County";142.0455;"27049.0"
"Gooding County";"Gooding County";185.6764;"16047.0"
"Gordon County";"Gordon County";328.2099;"13129.0"
"Goshen County";"Goshen County";271.819;"56015.0"
"Gosper County";"Gosper County";50.7099;"31073.0"
"Gove County";"Gove County";108.3424;"20063.0"
"Grady County";"Grady County";337.1519;"40051.0"
"Grafton County";"Grafton County";121.6124;"33009.0"
"Graham County";"Graham County";613.6279;"4009.0"
"Grainger County";"Grainger County";167.3861;"47057.0"
"Grand County";"Grand County";277.7778;"49019.0"
"Grand Forks County";"Grand Forks County";226.9475;"38035.0"
"Grand Isle County";"Grand Isle County";42.9369;"50013.0"
"Grand Traverse County";"Grand Traverse County";174.4696;"26055.0"
"Granite County";"Granite County";0.0;"30039.0"
"Grant County";"Grant County";347.7905;"35017.0"
"Grant Parish";"Grant Parish";54.4712;"22043.0"
"Granville County";"Granville County";350.0644;"37077.0"
"Gratiot County";"Gratiot County";140.5833;"26057.0"
"Graves County";"Graves County";138.8481;"21083.0"
"Gray County";"Gray County";481.7081;"48179.0"
"Grays Harbor County";"Grays Harbor County";195.5598;"53027.0"
"Grayson County";"Grayson County";254.1826;"48181.0"
"Greeley County";"Greeley County";77.5194;"20071.0"
"Green County";"Green County";72.7959;"55045.0"
"Green Lake County";"Green Lake County";58.0199;"55047.0"
"Greenbrier County";"Greenbrier County";92.5822;"54025.0"
"Greene County";"Greene County";903.4767;"1063.0"
"Greenlee County";"Greenlee County";607.802;"4011.0"
"Greensville County";"Greensville County";143.0254;"51081.0"
"Greenup County";"Greenup County";46.5511;"21089.0"
"Greenville County";"Greenville County";577.3132;"45045.0"
"Greenwood County";"Greenwood County";1140.2263;"45047.0"
"Greer County";"Greer County";145.8435;"40055.0"
"Gregg County";"Gregg County";492.5868;"48183.0"
"Gregory County";"Gregory County";0.0;"46053.0"
"Grenada County";"Grenada County";439.5706;"28043.0"
"Griggs County";"Griggs County";130.662;"38039.0"
"Grimes County";"Grimes County";376.0378;"48185.0"
"Grundy County";"Grundy County";911.2461;"47061.0"
"Guadalupe County";"Guadalupe County";681.169;"35019.0"
"Guernsey County";"Guernsey County";174.0842;"39059.0"
"Guilford County";"Guilford County";441.7599;"37081.0"
"Gulf County";"Gulf County";435.9088;"12045.0"
"Gunnison County";"Gunnison County";309.5376;"8051.0"
"Guthrie County";"Guthrie County";74.8573;"19077.0"
"Gwinnett County";"Gwinnett County";221.2256;"13135.0"
"Haakon County";"Haakon County";0.0;"46055.0"
"Habersham County";"Habersham County";140.8776;"13137.0"
"Haines Borough";"Haines Borough";154.321;"2100.0"
"Hale County";"Hale County";212.5042;"48189.0"
"Halifax County";"Halifax County";540.6619;"37083.0"
"Hall County";"Hall County";278.3267;"31079.0"
"Hamblen County";"Hamblen County";462.9483;"47063.0"
"Hamilton County";"Hamilton County";658.4966;"47065.0"
"Hamlin County";"Hamlin County";67.1028;"46057.0"
"Hampden County";"Hampden County";583.3274;"25013.0"
"Hampshire County";"Hampshire County";460.6526;"54027.0"
"Hampton city";"Hampton city";251.6478;"51650.0"
"Hampton County";"Hampton County";622.305;"45049.0"
"Hancock County";"Hancock County";284.4737;"47067.0"
"Hand County";"Hand County";117.9593;"46059.0"
"Hanover County";"Hanover County";111.5168;"51085.0"
"Hansford County";"Hansford County";342.0342;"48195.0"
"Hanson County";"Hanson County";58.7372;"46061.0"
"Haralson County";"Haralson County";582.5583;"13143.0"
"Hardee County";"Hardee County";276.1728;"12049.0"
"Hardeman County";"Hardeman County";562.6093;"47069.0"
"Hardin County";"Hardin County";480.1414;"47071.0"
"Harding County";"Harding County";79.2393;"46063.0"
"Hardy County";"Hardy County";308.908;"54031.0"
"Harford County";"Harford County";279.2769;"24025.0"
"Harlan County";"Harlan County";80.7046;"21095.0"
"Harmon County";"Harmon County";313.6982;"40057.0"
"Harnett County";"Harnett County";254.4265;"37085.0"
"Harney County";"Harney County";55.9754;"41025.0"
"Harper County";"Harper County";170.6485;"20077.0"
"Harris County";"Harris County";696.1038;"48201.0"
"Harrison County";"Harrison County";348.3539;"48203.0"
"Harrisonburg city";"Harrisonburg city";217.92;"51660.0"
"Hart County";"Hart County";373.3396;"13147.0"
"Hartford County";"Hartford County";305.5867;"9003.0"
"Hartley County";"Hartley County";262.2951;"48205.0"
"Harvey County";"Harvey County";391.4683;"20079.0"
"Haskell County";"Haskell County";245.1732;"40061.0"
"Hawaii County";"Hawaii County";220.6256;"15001.0"
"Hawkins County";"Hawkins County";241.1972;"47073.0"
"Hayes County";"Hayes County";0.0;"31085.0"
"Hays County";"Hays County";201.6748;"48209.0"
"Haywood County";"Haywood County";812.1159;"47075.0"
"Heard County";"Heard County";250.9085;"13149.0"
"Hemphill County";"Hemphill County";432.9004;"48211.0"
"Hempstead County";"Hempstead County";649.6396;"5057.0"
"Henderson County";"Henderson County";634.6264;"47077.0"
"Hendricks County";"Hendricks County";98.129;"18063.0"
"Hendry County";"Hendry County";621.8142;"12051.0"
"Hennepin County";"Hennepin County";410.0843;"27053.0"
"Henrico County";"Henrico County";177.0184;"51087.0"
"Henry County";"Henry County";394.3968;"29083.0"
"Herkimer County";"Herkimer County";194.7617;"36043.0"
"Hernando County";"Hernando County";295.2288;"12053.0"
"Hertford County";"Hertford County";302.8939;"37091.0"
"Hettinger County";"Hettinger County";187.9699;"38041.0"
"Hickman County";"Hickman County";239.0077;"47081.0"
"Hickory County";"Hickory County";10.7469;"29085.0"
"Hidalgo County";"Hidalgo County";408.251;"35023.0"
"Highland County";"Highland County";129.3332;"39071.0"
"Highlands County";"Highlands County";271.4719;"12055.0"
"Hill County";"Hill County";525.1086;"30041.0"
"Hillsborough County";"Hillsborough County";353.8307;"12057.0"
"Hillsdale County";"Hillsdale County";190.8852;"26059.0"
"Hinds County";"Hinds County";721.5219;"28049.0"
"Hinsdale County";"Hinsdale County";0.0;"8053.0"
"Hitchcock County";"Hitchcock County";69.6379;"31087.0"
"Hocking County";"Hocking County";69.7715;"39073.0"
"Hockley County";"Hockley County";424.9894;"48219.0"
"Hodgeman County";"Hodgeman County";102.5641;"20083.0"
"Hoke County";"Hoke County";105.218;"37093.0"
"Holmes County";"Holmes County";243.4447;"12059.0"
"Holt County";"Holt County";131.3485;"29087.0"
"Honolulu County";"Honolulu County";237.5362;"15003.0"
"Hood County";"Hood County";128.5323;"48221.0"
"Hood River County";"Hood River County";119.0739;"41027.0"
"Hooker County";"Hooker County";0.0;"31091.0"
"Hopewell city";"Hopewell city";415.1063;"51670.0"
"Hopkins County";"Hopkins County";174.3287;"48223.0"
"Horry County";"Horry County";617.642;"45051.0"
"Hot Spring County";"Hot Spring County";65.6716;"5059.0"
"Hot Springs County";"Hot Springs County";144.4192;"56017.0"
"Houghton County";"Houghton County";66.2526;"26061.0"
"Houston County";"Houston County";401.281;"1069.0"
"Howard County";"Howard County";533.9309;"48227.0"
"Howell County";"Howell County";321.8379;"29091.0"
"Hubbard County";"Hubbard County";91.9741;"27057.0"
"Hudson County";"Hudson County";441.3266;"34017.0"
"Hudspeth County";"Hudspeth County";60.2773;"48229.0"
"Huerfano County";"Huerfano County";414.174;"8055.0"
"Hughes County";"Hughes County";342.7005;"46065.0"
"Humboldt County";"Humboldt County";289.2344;"6023.0"
"Humphreys County";"Humphreys County";202.8175;"47085.0"
"Hunt County";"Hunt County";451.475;"48231.0"
"Hunterdon County";"Hunterdon County";36.4356;"34019.0"
"Huntingdon County";"Huntingdon County";170.7007;"42061.0"
"Huntington County";"Huntington County";127.7486;"18069.0"
"Huron County";"Huron County";124.1311;"26063.0"
"Hutchinson County";"Hutchinson County";646.2258;"48233.0"
"Hyde County";"Hyde County";0.0;"37095.0"
"Iberia Parish";"Iberia Parish";124.5296;"22045.0"
"Iberville Parish";"Iberville Parish";974.0162;"22047.0"
"Ida County";"Ida County";126.0328;"19093.0"
"Idaho County";"Idaho County";136.5103;"16049.0"
"Imperial County";"Imperial County";278.6209;"6025.0"
"Independence County";"Independence County";562.2077;"5063.0"
"Indian River County";"Indian River County";308.4637;"12061.0"
"Indiana County";"Indiana County";330.5032;"42063.0"
"Ingham County";"Ingham County";485.4128;"26065.0"
"Inyo County";"Inyo County";449.4504;"6027.0"
"Ionia County";"Ionia County";132.6612;"26067.0"
"Iosco County";"Iosco County";208.4235;"26069.0"
"Iowa County";"Iowa County";172.6388;"55049.0"
"Iredell County";"Iredell County";288.724;"37097.0"
"Irion County";"Irion County";124.0695;"48235.0"
"Iron County";"Iron County";454.3697;"29093.0"
"Iroquois County";"Iroquois County";69.0084;"17075.0"
"Irwin County";"Irwin County";381.8818;"13155.0"
"Isabella County";"Isabella County";214.379;"26073.0"
"Isanti County";"Isanti County";49.733;"27059.0"
"Island County";"Island County";142.1302;"53029.0"
"Isle of Wight County";"Isle of Wight County";137.4243;"51093.0"
"Issaquena County";"Issaquena County";0.0;"28055.0"
"Itasca County";"Itasca County";234.8345;"27061.0"
"Itawamba County";"Itawamba County";132.2864;"28057.0"
"Izard County";"Izard County";201.9749;"5065.0"
"Jack County";"Jack County";301.4402;"48237.0"
"Jackson County";"Jackson County";1026.6237;"29095.0"
"Jackson Parish";"Jackson Parish";0.0;"22049.0"
"James City County";"James City County";99.2683;"51095.0"
"Jasper County";"Jasper County";416.6738;"29097.0"
"Jay County";"Jay County";150.0234;"18075.0"
"Jeff Davis County";"Jeff Davis County";539.856;"13161.0"
"Jefferson County";"Jefferson County";959.1343;"5069.0"
"Jefferson Davis County";"Jefferson Davis County";644.4593;"28065.0"
"Jefferson Davis Parish";"Jefferson Davis Parish";143.7654;"22053.0"
"Jefferson Parish";"Jefferson Parish";440.2358;"22051.0"
"Jenkins County";"Jenkins County";0.0;"13165.0"
"Jennings County";"Jennings County";385.9637;"18079.0"
"Jerauld County";"Jerauld County";0.0;"46073.0"
"Jerome County";"Jerome County";288.7092;"16053.0"
"Jersey County";"Jersey County";172.2539;"17083.0"
"Jessamine County";"Jessamine County";163.4345;"21113.0"
"Jewell County";"Jewell County";0.0;"20089.0"
"Jim Hogg County";"Jim Hogg County";38.1316;"48247.0"
"Jim Wells County";"Jim Wells County";695.7774;"48249.0"
"Jo Daviess County";"Jo Daviess County";142.8125;"17085.0"
"Johnson County";"Johnson County";495.077;"47091.0"
"Johnston County";"Johnston County";179.2467;"37101.0"
"Jones County";"Jones County";231.633;"48253.0"
"Josephine County";"Josephine County";272.4894;"41033.0"
"Juab County";"Juab County";57.9822;"49023.0"
"Judith Basin County";"Judith Basin County";148.8095;"30045.0"
"Juneau City and Borough";"Juneau City and Borough";352.1127;"2110.0"
"Juneau County";"Juneau County";192.1121;"55057.0"
"Juniata County";"Juniata County";68.637;"42067.0"
"Kalamazoo County";"Kalamazoo County";375.8886;"26077.0"
"Kalawao County";"Kalawao County";0.0;"15005.0"
"Kalkaska County";"Kalkaska County";255.8735;"26079.0"
"Kanabec County";"Kanabec County";250.0625;"27065.0"
"Kanawha County";"Kanawha County";455.3653;"54039.0"
"Kandiyohi County";"Kandiyohi County";172.1292;"27067.0"
"Kane County";"Kane County";234.1598;"49025.0"
"Kankakee County";"Kankakee County";308.5979;"17091.0"
"Karnes County";"Karnes County";165.7715;"48255.0"
"Kauai County";"Kauai County";302.1061;"15007.0"
"Kaufman County";"Kaufman County";228.4283;"48257.0"
"Kay County";"Kay County";368.1546;"40071.0"
"Kearney County";"Kearney County";91.631;"31099.0"
"Kearny County";"Kearny County";305.8884;"20093.0"
"Keith County";"Keith County";86.1009;"31101.0"
"Kemper County";"Kemper County";38.8576;"28069.0"
"Kenai Peninsula Borough";"Kenai Peninsula Borough";167.9878;"2122.0"
"Kendall County";"Kendall County";123.1692;"17093.0"
"Kenedy County";"Kenedy County";1456.3107;"48261.0"
"Kennebec County";"Kennebec County";168.3668;"23011.0"
"Kenosha County";"Kenosha County";199.0975;"55059.0"
"Kent County";"Kent County";534.188;"10001.0"
"Kenton County";"Kenton County";198.5963;"21117.0"
"Keokuk County";"Keokuk County";48.4074;"19107.0"
"Kern County";"Kern County";575.8433;"6029.0"
"Kerr County";"Kerr County";150.1411;"48265.0"
"Kershaw County";"Kershaw County";571.0538;"45055.0"
"Ketchikan Gateway Borough";"Ketchikan Gateway Borough";211.2317;"2130.0"
"Kewaunee County";"Kewaunee County";43.8917;"55061.0"
"Keweenaw County";"Keweenaw County";228.2063;"26083.0"
"Keya Paha County";"Keya Paha County";0.0;"31103.0"
"Kidder County";"Kidder County";0.0;"38043.0"
"Kimball County";"Kimball County";81.0373;"31105.0"
"Kimble County";"Kimble County";178.5316;"48267.0"
"King and Queen County";"King and Queen County";98.1767;"51097.0"
"King County";"King County";337.2058;"53033.0"
"King George County";"King George County";92.2731;"51099.0"
"King William County";"King William County";86.9727;"51101.0"
"Kingfisher County";"Kingfisher County";45.8235;"40073.0"
"Kingman County";"Kingman County";216.7262;"20095.0"
"Kings County";"Kings County";630.2493;"36047.0"
"Kingsbury County";"Kingsbury County";0.0;"46077.0"
"Kinney County";"Kinney County";0.0;"48271.0"
"Kiowa County";"Kiowa County";203.4043;"40075.0"
"Kit Carson County";"Kit Carson County";286.1764;"8063.0"
"Kitsap County";"Kitsap County";268.9315;"53035.0"
"Kittitas County";"Kittitas County";112.5344;"53037.0"
"Kittson County";"Kittson County";44.4148;"27069.0"
"Klamath County";"Klamath County";227.5831;"41035.0"
"Kleberg County";"Kleberg County";492.1965;"48273.0"
"Klickitat County";"Klickitat County";115.0196;"53039.0"
"Knott County";"Knott County";18.7782;"21119.0"
"Knox County";"Knox County";522.4663;"47093.0"
"Kodiak Island Borough";"Kodiak Island Borough";856.0311;"2150.0"
"Koochiching County";"Koochiching County";189.3079;"27071.0"
"Kootenai County";"Kootenai County";295.2899;"16055.0"
"Kosciusko County";"Kosciusko County";174.4417;"18085.0"
"Kossuth County";"Kossuth County";84.8509;"19109.0"
"La Crosse County";"La Crosse County";170.5037;"55063.0"
"La Paz County";"La Paz County";398.5436;"4012.0"
"La Plata County";"La Plata County";182.0434;"8067.0"
"La Salle County";"La Salle County";176.4147;"48283.0"
"La Salle Parish";"La Salle Parish";419.571;"22059.0"
"Labette County";"Labette County";334.672;"20099.0"
"Lac qui Parle County";"Lac qui Parle County";28.4616;"27073.0"
"Lackawanna County";"Lackawanna County";231.8505;"42069.0"
"Laclede County";"Laclede County";434.5754;"29105.0"
"Lafayette County";"Lafayette County";305.1537;"12067.0"
"Lafayette Parish";"Lafayette Parish";554.9178;"22055.0"
"Lafourche Parish";"Lafourche Parish";185.2977;"22057.0"
"LaGrange County";"LaGrange County";68.4283;"18087.0"
"Lake and Peninsula Borough";"Lake and Peninsula Borough";0.0;"2164.0"
"Lake County";"Lake County";588.788;"6033.0"
"Lake of the Woods County";"Lake of the Woods County";50.9035;"27077.0"
"Lamar County";"Lamar County";362.1576;"48277.0"
"Lamb County";"Lamb County";283.1216;"48279.0"
"Lamoille County";"Lamoille County";79.7862;"50015.0"
"LaMoure County";"LaMoure County";48.0077;"38045.0"
"Lampasas County";"Lampasas County";182.969;"48281.0"
"Lancaster County";"Lancaster County";504.6111;"45057.0"
"Lander County";"Lander County";663.13;"32015.0"
"Lane County";"Lane County";236.3761;"41039.0"
"Langlade County";"Langlade County";163.4738;"55067.0"
"Lanier County";"Lanier County";336.2798;"13173.0"
"Lapeer County";"Lapeer County";158.3908;"26087.0"
"LaPorte County";"LaPorte County";164.4486;"18091.0"
"Laramie County";"Laramie County";236.9297;"56021.0"
"Larimer County";"Larimer County";225.6415;"8069.0"
"Larue County";"Larue County";49.7725;"21123.0"
"Las Animas County";"Las Animas County";124.602;"8071.0"
"LaSalle County";"LaSalle County";103.4025;"17099.0"
"Lassen County";"Lassen County";410.4095;"6035.0"
"Latah County";"Latah County";149.6927;"16057.0"
"Latimer County";"Latimer County";139.2111;"40077.0"
"Lauderdale County";"Lauderdale County";626.0119;"47097.0"
"Laurel County";"Laurel County";88.9814;"21125.0"
"Laurens County";"Laurens County";724.758;"45059.0"
"Lavaca County";"Lavaca County";168.5307;"48285.0"
"Lawrence County";"Lawrence County";508.2109;"42073.0"
"Le Flore County";"Le Flore County";261.1805;"40079.0"
"Le Sueur County";"Le Sueur County";43.1499;"27079.0"
"Lea County";"Lea County";501.0138;"35025.0"
"Leake County";"Leake County";51.3062;"28079.0"
"Leavenworth County";"Leavenworth County";443.8191;"20103.0"
"Lebanon County";"Lebanon County";215.5204;"42075.0"
"Lee County";"Lee County";730.3646;"45061.0"
"Leelanau County";"Leelanau County";22.9917;"26089.0"
"Leflore County";"Leflore County";661.2459;"28083.0"
"Lehigh County";"Lehigh County";259.651;"42077.0"
"Lemhi County";"Lemhi County";142.6349;"16059.0"
"Lenawee County";"Lenawee County";205.67;"26091.0"
"Lenoir County";"Lenoir County";650.1001;"37107.0"
"Leon County";"Leon County";664.1949;"12073.0"
"Leslie County";"Leslie County";18.1505;"21131.0"
"Letcher County";"Letcher County";38.1049;"21133.0"
"Levy County";"Levy County";282.5144;"12075.0"
"Lewis and Clark County";"Lewis and Clark County";292.3261;"30049.0"
"Lewis County";"Lewis County";334.4202;"47101.0"
"Lexington city";"Lexington city";13.947;"51678.0"
"Lexington County";"Lexington County";349.9518;"45063.0"
"Liberty County";"Liberty County";449.894;"48291.0"
"Licking County";"Licking County";318.931;"39089.0"
"Limestone County";"Limestone County";351.5391;"48293.0"
"Lincoln County";"Lincoln County";528.7815;"54043.0"
"Lincoln Parish";"Lincoln Parish";324.7986;"22061.0"
"Linn County";"Linn County";262.7154;"20107.0"
"Lipscomb County";"Lipscomb County";0.0;"48295.0"
"Litchfield County";"Litchfield County";66.8721;"9005.0"
"Little River County";"Little River County";314.2184;"5081.0"
"Live Oak County";"Live Oak County";219.095;"48297.0"
"Livingston County";"Livingston County";227.8322;"17105.0"
"Livingston Parish";"Livingston Parish";381.1925;"22063.0"
"Llano County";"Llano County";46.2868;"48299.0"
"Logan County";"Logan County";397.3657;"54045.0"
"Long County";"Long County";156.4004;"13183.0"
"Lonoke County";"Lonoke County";312.3542;"5085.0"
"Lorain County";"Lorain County";137.0419;"39093.0"
"Los Alamos County";"Los Alamos County";337.1165;"35028.0"
"Los Angeles County";"Los Angeles County";444.8008;"6037.0"
"Loudon County";"Loudon County";231.922;"47105.0"
"Loudoun County";"Loudoun County";84.3631;"51107.0"
"Louisa County";"Louisa County";141.8188;"19115.0"
"Loup County";"Loup County";0.0;"31115.0"
"Love County";"Love County";133.4428;"40085.0"
"Loving County";"Loving County";0.0;"48301.0"
"Lowndes County";"Lowndes County";597.9632;"1085.0"
"Lubbock County";"Lubbock County";740.6921;"48303.0"
"Lucas County";"Lucas County";810.9663;"39095.0"
"Luce County";"Luce County";276.8379;"26095.0"
"Lumpkin County";"Lumpkin County";261.9833;"13187.0"
"Luna County";"Luna County";588.0206;"35029.0"
"Lunenburg County";"Lunenburg County";199.5689;"51111.0"
"Luzerne County";"Luzerne County";281.1595;"42079.0"
"Lycoming County";"Lycoming County";181.5784;"42081.0"
"Lyman County";"Lyman County";0.0;"46085.0"
"Lynchburg city";"Lynchburg city";344.8099;"51680.0"
"Lynn County";"Lynn County";104.8401;"48305.0"
"Lyon County";"Lyon County";296.7589;"32019.0"
"Mackinac County";"Mackinac County";244.1009;"26097.0"
"Macomb County";"Macomb County";290.7218;"26099.0"
"Macon County";"Macon County";919.3417;"1087.0"
"Macoupin County";"Macoupin County";179.1809;"17117.0"
"Madera County";"Madera County";612.9051;"6039.0"
"Madison County";"Madison County";1138.4238;"47113.0"
"Madison Parish";"Madison Parish";435.9856;"22065.0"
"Magoffin County";"Magoffin County";46.332;"21153.0"
"Mahaska County";"Mahaska County";196.2796;"19123.0"
"Mahnomen County";"Mahnomen County";307.303;"27087.0"
"Mahoning County";"Mahoning County";364.3065;"39099.0"
"Major County";"Major County";117.1417;"40093.0"
"Malheur County";"Malheur County";272.3186;"41045.0"
"Manassas city";"Manassas city";330.8956;"51683.0"
"Manassas Park city";"Manassas Park city";130.039;"51685.0"
"Manatee County";"Manatee County";585.7834;"12081.0"
"Manistee County";"Manistee County";237.2188;"26101.0"
"Manitowoc County";"Manitowoc County";136.3851;"55071.0"
"Marathon County";"Marathon County";121.8468;"55073.0"
"Marengo County";"Marengo County";461.424;"1091.0"
"Maricopa County";"Maricopa County";410.2098;"4013.0"
"Maries County";"Maries County";243.9565;"29125.0"
"Marin County";"Marin County";189.6542;"6041.0"
"Marinette County";"Marinette County";52.8719;"55075.0"
"Marion County";"Marion County";1083.5081;"18097.0"
"Mariposa County";"Mariposa County";399.8874;"6043.0"
"Marlboro County";"Marlboro County";1253.4371;"45069.0"
"Marquette County";"Marquette County";163.9586;"26103.0"
"Marshall County";"Marshall County";365.9072;"19127.0"
"Martin County";"Martin County";519.0092;"37117.0"
"Martinsville city";"Martinsville city";283.5333;"51690.0"
"Mason County";"Mason County";371.982;"17125.0"
"Massac County";"Massac County";398.0628;"17127.0"
"Matagorda County";"Matagorda County";330.6734;"48321.0"
"Matanuska-Susitna Borough";"Matanuska-Susitna Borough";64.081;"2170.0"
"Mathews County";"Mathews County";89.9179;"51115.0"
"Maui County";"Maui County";256.5511;"15009.0"
"Maury County";"Maury County";552.7632;"47119.0"
"Maverick County";"Maverick County";298.5768;"48323.0"
"Mayes County";"Mayes County";276.9336;"40097.0"
"McClain County";"McClain County";164.334;"40087.0"
"McCone County";"McCone County";58.5138;"30055.0"
"McCook County";"McCook County";53.0598;"46087.0"
"McCormick County";"McCormick County";341.8116;"45065.0"
"McCracken County";"McCracken County";200.3885;"21145.0"
"McCreary County";"McCreary County";72.2664;"21147.0"
"McCulloch County";"McCulloch County";132.0528;"48307.0"
"McCurtain County";"McCurtain County";462.7249;"40089.0"
"McDonald County";"McDonald County";673.8186;"29119.0"
"McDonough County";"McDonough County";200.2218;"17109.0"
"McDowell County";"McDowell County";320.9427;"54047.0"
"McDuffie County";"McDuffie County";60.2829;"13189.0"
"McHenry County";"McHenry County";104.7464;"17111.0"
"McIntosh County";"McIntosh County";185.4292;"40091.0"
"McKean County";"McKean County";230.3451;"42083.0"
"McKenzie County";"McKenzie County";268.4131;"38053.0"
"McKinley County";"McKinley County";694.3308;"35031.0"
"McLean County";"McLean County";320.0742;"17113.0"
"McLennan County";"McLennan County";421.5653;"48309.0"
"McLeod County";"McLeod County";150.3424;"27085.0"
"McMinn County";"McMinn County";517.7585;"47107.0"
"McMullen County";"McMullen County";392.6702;"48311.0"
"McNairy County";"McNairy County";501.1477;"47109.0"
"McPherson County";"McPherson County";148.8045;"20113.0"
"Meade County";"Meade County";805.8945;"20119.0"
"Meagher County";"Meagher County";154.8787;"30059.0"
"Mecklenburg County";"Mecklenburg County";556.9251;"37119.0"
"Mecosta County";"Mecosta County";570.6597;"26107.0"
"Medina County";"Medina County";166.6702;"48325.0"
"Meeker County";"Meeker County";116.7871;"27093.0"
"Meigs County";"Meigs County";454.9747;"47121.0"
"Mellette County";"Mellette County";96.1076;"46095.0"
"Menard County";"Menard County";186.2197;"48327.0"
"Mendocino County";"Mendocino County";410.5881;"6045.0"
"Menifee County";"Menifee County";15.9033;"21165.0"
"Menominee County";"Menominee County";180.7406;"26109.0"
"Merced County";"Merced County";696.3545;"6047.0"
"Mercer County";"Mercer County";444.6376;"34021.0"
"Meriwether County";"Meriwether County";273.1726;"13199.0"
"Merrick County";"Merrick County";0.0;"31121.0"
"Merrimack County";"Merrimack County";129.3846;"33013.0"
"Mesa County";"Mesa County";317.172;"8077.0"
"Metcalfe County";"Metcalfe County";20.0341;"21169.0"
"Miami County";"Miami County";197.9595;"20121.0"
"Miami-Dade County";"Miami-Dade County";656.0124;"12086.0"
"Middlesex County";"Middlesex County";211.2955;"25017.0"
"Midland County";"Midland County";300.3935;"48329.0"
"Mifflin County";"Mifflin County";156.5986;"42087.0"
"Milam County";"Milam County";219.3073;"48331.0"
"Millard County";"Millard County";173.7482;"49027.0"
"Mille Lacs County";"Mille Lacs County";294.1973;"27095.0"
"Miller County";"Miller County";956.1771;"5091.0"
"Mills County";"Mills County";288.6681;"19129.0"
"Milwaukee County";"Milwaukee County";912.6349;"55079.0"
"Miner County";"Miner County";42.8633;"46097.0"
"Mineral County";"Mineral County";295.9861;"54057.0"
"Mingo County";"Mingo County";281.8533;"54059.0"
"Minidoka County";"Minidoka County";118.2732;"16067.0"
"Minnehaha County";"Minnehaha County";329.548;"46099.0"
"Missaukee County";"Missaukee County";112.9493;"26113.0"
"Mississippi County";"Mississippi County";763.9897;"5093.0"
"Missoula County";"Missoula County";291.5739;"30063.0"
"Mitchell County";"Mitchell County";350.9892;"48335.0"
"Mobile County";"Mobile County";552.3101;"1097.0"
"Modoc County";"Modoc County";754.3457;"6049.0"
"Moffat County";"Moffat County";129.7413;"8081.0"
"Mohave County";"Mohave County";180.7615;"4015.0"
"Moniteau County";"Moniteau County";152.4003;"29135.0"
"Monmouth County";"Monmouth County";176.5999;"34025.0"
"Mono County";"Mono County";312.6332;"6051.0"
"Monona County";"Monona County";153.4919;"19133.0"
"Monongalia County";"Monongalia County";270.8411;"54061.0"
"Monroe County";"Monroe County";512.1086;"12087.0"
"Montague County";"Montague County";133.3128;"48337.0"
"Montcalm County";"Montcalm County";185.4053;"26117.0"
"Monterey County";"Monterey County";435.1415;"6053.0"
"Montezuma County";"Montezuma County";230.0913;"8083.0"
"Montgomery County";"Montgomery County";615.3039;"20125.0"
"Montmorency County";"Montmorency County";74.8663;"26119.0"
"Montour County";"Montour County";275.0661;"42093.0"
"Montrose County";"Montrose County";176.8477;"8085.0"
"Moody County";"Moody County";187.3829;"46101.0"
"Moore County";"Moore County";243.8914;"48341.0"
"Mora County";"Mora County";0.0;"35033.0"
"Morehouse Parish";"Morehouse Parish";639.3909;"22067.0"
"Morgan County";"Morgan County";532.9386;"29141.0"
"Morrill County";"Morrill County";40.7498;"31123.0"
"Morris County";"Morris County";451.9246;"48343.0"
"Morrison County";"Morrison County";73.0105;"27097.0"
"Morrow County";"Morrow County";141.1433;"41049.0"
"Morton County";"Morton County";222.7171;"20129.0"
"Motley County";"Motley County";0.0;"48345.0"
"Moultrie County";"Moultrie County";67.2224;"17139.0"
"Mountrail County";"Mountrail County";181.314;"38061.0"
"Mower County";"Mower County";231.3932;"27099.0"
"Muhlenberg County";"Muhlenberg County";48.1093;"21177.0"
"Multnomah County";"Multnomah County";477.4615;"41051.0"
"Murray County";"Murray County";234.2934;"13213.0"
"Muscatine County";"Muscatine County";469.2315;"19139.0"
"Muscogee County";"Muscogee County";490.5731;"13215.0"
"Muskegon County";"Muskegon County";529.215;"26121.0"
"Muskingum County";"Muskingum County";194.7648;"39119.0"
"Muskogee County";"Muskogee County";954.4401;"40101.0"
"Musselshell County";"Musselshell County";367.2499;"30065.0"
"Nacogdoches County";"Nacogdoches County";327.5677;"48347.0"
"Nance County";"Nance County";82.8043;"31125.0"
"Nantucket County";"Nantucket County";490.4318;"25019.0"
"Napa County";"Napa County";345.6238;"6055.0"
"Nash County";"Nash County";628.8581;"37127.0"
"Nassau County";"Nassau County";182.007;"36059.0"
"Natchitoches Parish";"Natchitoches Parish";569.7787;"22069.0"
"Natrona County";"Natrona County";187.7169;"56025.0"
"Navajo County";"Navajo County";357.8018;"4017.0"
"Navarro County";"Navarro County";380.9484;"48349.0"
"Nelson County";"Nelson County";129.2407;"38063.0"
"Nemaha County";"Nemaha County";127.9402;"20131.0"
"Neosho County";"Neosho County";237.3707;"20133.0"
"Neshoba County";"Neshoba County";176.2294;"28099.0"
"Ness County";"Ness County";195.2489;"20135.0"
"Nevada County";"Nevada County";247.4542;"6057.0"
"New Castle County";"New Castle County";581.7888;"10003.0"
"New Hanover County";"New Hanover County";391.528;"37129.0"
"New Haven County";"New Haven County";392.9086;"9009.0"
"New Kent County";"New Kent County";112.78;"51127.0"
"New London County";"New London County";208.2801;"9011.0"
"New Madrid County";"New Madrid County";217.8056;"29143.0"
"New York County";"New York County";634.0093;"36061.0"
"Newaygo County";"Newaygo County";249.9948;"26123.0"
"Newberry County";"Newberry County";453.0796;"45071.0"
"Newport County";"Newport County";171.1227;"44005.0"
"Newport News city";"Newport News city";416.9871;"51700.0"
"Newton County";"Newton County";363.1181;"13217.0"
"Nez Perce County";"Nez Perce County";155.3301;"16069.0"
"Niagara County";"Niagara County";381.7987;"36063.0"
"Nicholas County";"Nicholas County";793.3757;"54067.0"
"Nicollet County";"Nicollet County";93.8484;"27103.0"
"Niobrara County";"Niobrara County";118.0638;"56027.0"
"Noble County";"Noble County";174.7335;"40103.0"
"Nobles County";"Nobles County";115.6497;"27105.0"
"Nodaway County";"Nodaway County";120.3732;"29147.0"
"Nolan County";"Nolan County";871.1844;"48353.0"
"Nome Census Area";"Nome Census Area";232.5111;"2180.0"
"Norfolk city";"Norfolk city";558.2212;"51710.0"
"Norfolk County";"Norfolk County";185.0823;"25021.0"
"Norman County";"Norman County";0.0;"27107.0"
"North Slope Borough";"North Slope Borough";722.6925;"2185.0"
"Northampton County";"Northampton County";283.123;"37131.0"
"Northumberland County";"Northumberland County";225.3497;"42097.0"
"Northwest Arctic Borough";"Northwest Arctic Borough";1014.9642;"2188.0"
"Norton city";"Norton city";99.5768;"51720.0"
"Norton County";"Norton County";88.9363;"20137.0"
"Nottoway County";"Nottoway County";164.8386;"51135.0"
"Nowata County";"Nowata County";208.432;"40105.0"
"Noxubee County";"Noxubee County";0.0;"28103.0"
"Nuckolls County";"Nuckolls County";67.981;"31129.0"
"Nueces County";"Nueces County";616.5739;"48355.0"
"Nye County";"Nye County";609.9723;"32023.0"
"O'Brien County";"O'Brien County";71.2048;"19141.0"
"Oakland County";"Oakland County";206.3915;"26125.0"
"Obion County";"Obion County";353.3455;"47131.0"
"Ocean County";"Ocean County";104.2142;"34029.0"
"Oceana County";"Oceana County";152.41;"26127.0"
"Ochiltree County";"Ochiltree County";296.1318;"48357.0"
"Oconee County";"Oconee County";514.3581;"45073.0"
"Oconto County";"Oconto County";21.4374;"55083.0"
"Ogemaw County";"Ogemaw County";249.5997;"26129.0"
"Ogle County";"Ogle County";43.9057;"17141.0"
"Oglethorpe County";"Oglethorpe County";412.4278;"13221.0"
"Ohio County";"Ohio County";706.6572;"54069.0"
"Okaloosa County";"Okaloosa County";464.3699;"12091.0"
"Okanogan County";"Okanogan County";211.2009;"53047.0"
"Okeechobee County";"Okeechobee County";505.9751;"12093.0"
"Okfuskee County";"Okfuskee County";161.59;"40107.0"
"Oklahoma County";"Oklahoma County";694.8738;"40109.0"
"Okmulgee County";"Okmulgee County";187.6363;"40111.0"
"Oktibbeha County";"Oktibbeha County";161.0831;"28105.0"
"Oldham County";"Oldham County";95.1475;"48359.0"
"Oliver County";"Oliver County";53.3618;"38065.0"
"Olmsted County";"Olmsted County";168.8714;"27109.0"
"Oneida County";"Oneida County";257.722;"36065.0"
"Onondaga County";"Onondaga County";374.9037;"36067.0"
"Onslow County";"Onslow County";210.0205;"37133.0"
"Ontario County";"Ontario County";137.4848;"36069.0"
"Ontonagon County";"Ontonagon County";158.1778;"26131.0"
"Orange County";"Orange County";662.6311;"12095.0"
"Orangeburg County";"Orangeburg County";414.5499;"45075.0"
"Oregon County";"Oregon County";363.7686;"29149.0"
"Orleans County";"Orleans County";149.1654;"36073.0"
"Orleans Parish";"Orleans Parish";782.1185;"22071.0"
"Osage County";"Osage County";266.7389;"40113.0"
"Osborne County";"Osborne County";130.9586;"20141.0"
"Osceola County";"Osceola County";488.4357;"12097.0"
"Oscoda County";"Oscoda County";167.0844;"26135.0"
"Oswego County";"Oswego County";162.5882;"36075.0"
"Otero County";"Otero County";268.2273;"35035.0"
"Otoe County";"Otoe County";38.0904;"31131.0"
"Otsego County";"Otsego County";194.7864;"26137.0"
"Ottawa County";"Ottawa County";266.708;"40115.0"
"Otter Tail County";"Otter Tail County";100.7277;"27111.0"
"Ouachita County";"Ouachita County";355.9715;"5103.0"
"Ouachita Parish";"Ouachita Parish";462.1687;"22073.0"
"Ouray County";"Ouray County";21.9443;"8091.0"
"Outagamie County";"Outagamie County";161.3574;"55087.0"
"Overton County";"Overton County";294.4507;"47133.0"
"Owen County";"Owen County";18.867;"18119.0"
"Owsley County";"Owsley County";21.4869;"21189.0"
"Owyhee County";"Owyhee County";200.4881;"16073.0"
"Oxford County";"Oxford County";113.4836;"23017.0"
"Ozark County";"Ozark County";313.8075;"29153.0"
"Ozaukee County";"Ozaukee County";53.9895;"55089.0"
"Pacific County";"Pacific County";117.0846;"53049.0"
"Page County";"Page County";260.9304;"19145.0"
"Palm Beach County";"Palm Beach County";478.6575;"12099.0"
"Palo Alto County";"Palo Alto County";174.1971;"19147.0"
"Palo Pinto County";"Palo Pinto County";240.2381;"48363.0"
"Pamlico County";"Pamlico County";208.4459;"37137.0"
"Panola County";"Panola County";383.6986;"28107.0"
"Park County";"Park County";248.6928;"30067.0"
"Parke County";"Parke County";58.1328;"18121.0"
"Parker County";"Parker County";114.4806;"48367.0"
"Parmer County";"Parmer County";110.3864;"48369.0"
"Pasco County";"Pasco County";319.0313;"12101.0"
"Pasquotank County";"Pasquotank County";355.1687;"37139.0"
"Passaic County";"Passaic County";481.7352;"34031.0"
"Patrick County";"Patrick County";119.7735;"51141.0"
"Paulding County";"Paulding County";150.3913;"13223.0"
"Pawnee County";"Pawnee County";315.5932;"20145.0"
"Payette County";"Payette County";234.4096;"16075.0"
"Payne County";"Payne County";228.9227;"40119.0"
"Peach County";"Peach County";658.9176;"13225.0"
"Pearl River County";"Pearl River County";52.6583;"28109.0"
"Pecos County";"Pecos County";305.7909;"48371.0"
"Pembina County";"Pembina County";97.4795;"38067.0"
"Pemiscot County";"Pemiscot County";998.7095;"29155.0"
"Pend Oreille County";"Pend Oreille County";147.3325;"53051.0"
"Pender County";"Pender County";224.0937;"37141.0"
"Pendleton County";"Pendleton County";96.0879;"21191.0"
"Pennington County";"Pennington County";486.947;"46103.0"
"Penobscot County";"Penobscot County";90.634;"23019.0"
"Peoria County";"Peoria County";603.941;"17143.0"
"Pepin County";"Pepin County";81.5217;"55091.0"
"Perkins County";"Perkins County";68.4697;"31135.0"
"Perquimans County";"Perquimans County";183.81;"37143.0"
"Perry County";"Perry County";292.2862;"47135.0"
"Pershing County";"Pershing County";1148.7567;"32027.0"
"Person County";"Person County";272.431;"37145.0"
"Petersburg city";"Petersburg city";559.346;"51730.0"
"Petroleum County";"Petroleum County";0.0;"30069.0"
"Pettis County";"Pettis County";281.9571;"29159.0"
"Phelps County";"Phelps County";265.5835;"29161.0"
"Philadelphia County";"Philadelphia County";1150.2963;"42101.0"
"Phillips County";"Phillips County";818.6676;"5107.0"
"Piatt County";"Piatt County";158.2182;"17147.0"
"Pickaway County";"Pickaway County";111.8926;"39129.0"
"Pickens County";"Pickens County";378.0387;"45077.0"
"Pickett County";"Pickett County";98.2318;"47137.0"
"Pierce County";"Pierce County";428.305;"53053.0"
"Pike County";"Pike County";413.9296;"1109.0"
"Pima County";"Pima County";478.1477;"4019.0"
"Pinal County";"Pinal County";196.4813;"4021.0"
"Pine County";"Pine County";202.7213;"27115.0"
"Pinellas County";"Pinellas County";550.6712;"12103.0"
"Pipestone County";"Pipestone County";21.575;"27117.0"
"Piscataquis County";"Piscataquis County";210.2313;"23021.0"
"Pitkin County";"Pitkin County";155.3599;"8097.0"
"Pitt County";"Pitt County";399.3963;"37147.0"
"Pittsburg County";"Pittsburg County";246.0685;"40121.0"
"Pittsylvania County";"Pittsylvania County";49.6588;"51143.0"
"Piute County";"Piute County";0.0;"49031.0"
"Placer County";"Placer County";185.1302;"6061.0"
"Plaquemines Parish";"Plaquemines Parish";165.6051;"22075.0"
"Platte County";"Platte County";100.7395;"29165.0"
"Pleasants County";"Pleasants County";39.5935;"54073.0"
"Plumas County";"Plumas County";572.6709;"6063.0"
"Plymouth County";"Plymouth County";365.002;"25023.0"
"Pocahontas County";"Pocahontas County";276.8485;"54075.0"
"Poinsett County";"Poinsett County";360.323;"5111.0"
"Pointe Coupee Parish";"Pointe Coupee Parish";480.0213;"22077.0"
"Polk County";"Polk County";427.3608;"13233.0"
"Pondera County";"Pondera County";128.8037;"30073.0"
"Pontotoc County";"Pontotoc County";513.266;"40123.0"
"Pope County";"Pope County";254.2088;"5115.0"
"Poquoson city";"Poquoson city";107.4025;"51735.0"
"Portage County";"Portage County";105.1435;"55097.0"
"Porter County";"Porter County";105.0691;"18127.0"
"Portsmouth city";"Portsmouth city";481.264;"51740.0"
"Posey County";"Posey County";39.2372;"18129.0"
"Pottawatomie County";"Pottawatomie County";473.594;"40125.0"
"Pottawattamie County";"Pottawattamie County";873.5226;"19155.0"
"Potter County";"Potter County";592.6303;"48375.0"
"Powder River County";"Powder River County";0.0;"30075.0"
"Powell County";"Powell County";214.5002;"30077.0"
"Power County";"Power County";142.5055;"16077.0"
"Poweshiek County";"Poweshiek County";225.7943;"19157.0"
"Powhatan County";"Powhatan County";53.0804;"51145.0"
"Prairie County";"Prairie County";169.6353;"30079.0"
"Pratt County";"Pratt County";364.4462;"20151.0"
"Preble County";"Preble County";93.4535;"39135.0"
"Prentiss County";"Prentiss County";0.0;"28117.0"
"Presidio County";"Presidio County";13.887;"48377.0"
"Presque Isle County";"Presque Isle County";91.8695;"26141.0"
"Preston County";"Preston County";268.7616;"54077.0"
"Price County";"Price County";79.6986;"55099.0"
"Prince Edward County";"Prince Edward County";127.1818;"51147.0"
"Prince George County";"Prince George County";85.8991;"51149.0"
"Prince George's County";"Prince George's County";555.6798;"24033.0"
"Prince William County";"Prince William County";146.8375;"51153.0"
"Providence County";"Providence County";348.8705;"44007.0"
"Prowers County";"Prowers County";154.5847;"8099.0"
"Pueblo County";"Pueblo County";501.7002;"8101.0"
"Pulaski County";"Pulaski County";959.9166;"5119.0"
"Pushmataha County";"Pushmataha County";204.7539;"40127.0"
"Putnam County";"Putnam County";717.8583;"12107.0"
"Quay County";"Quay County";311.7063;"35037.0"
"Queen Anne's County";"Queen Anne's County";191.6854;"24035.0"
"Queens County";"Queens County";630.3962;"36081.0"
"Quitman County";"Quitman County";549.2184;"13239.0"
"Rabun County";"Rabun County";190.9455;"13241.0"
"Racine County";"Racine County";248.153;"55101.0"
"Radford city";"Radford city";471.3687;"51750.0"
"Rains County";"Rains County";189.7876;"48379.0"
"Raleigh County";"Raleigh County";470.6151;"54081.0"
"Ralls County";"Ralls County";78.4929;"29173.0"
"Ramsey County";"Ramsey County";462.4901;"27123.0"
"Randall County";"Randall County";503.6608;"48381.0"
"Randolph County";"Randolph County";435.1521;"54083.0"
"Rankin County";"Rankin County";83.125;"28121.0"
"Ransom County";"Ransom County";54.3872;"38073.0"
"Rapides Parish";"Rapides Parish";773.792;"22079.0"
"Rappahannock County";"Rappahannock County";80.2354;"51157.0"
"Ravalli County";"Ravalli County";200.8672;"30081.0"
"Rawlins County";"Rawlins County";154.4998;"20153.0"
"Ray County";"Ray County";247.4066;"29177.0"
"Reagan County";"Reagan County";27.7701;"48383.0"
"Real County";"Real County";89.5522;"48385.0"
"Red Lake County";"Red Lake County";0.0;"27125.0"
"Red River County";"Red River County";136.3272;"48387.0"
"Red River Parish";"Red River Parish";742.0733;"22081.0"
"Red Willow County";"Red Willow County";99.9455;"31145.0"
"Redwood County";"Redwood County";190.5488;"27127.0"
"Reeves County";"Reeves County";136.0544;"48389.0"
"Refugio County";"Refugio County";191.6496;"48391.0"
"Reno County";"Reno County";464.2468;"20155.0"
"Rensselaer County";"Rensselaer County";278.8929;"36083.0"
"Renville County";"Renville County";39.5622;"27129.0"
"Republic County";"Republic County";103.7344;"20157.0"
"Reynolds County";"Reynolds County";363.6915;"29179.0"
"Rhea County";"Rhea County";366.0074;"47143.0"
"Rice County";"Rice County";135.2826;"27131.0"
"Rich County";"Rich County";218.5315;"49033.0"
"Richardson County";"Richardson County";49.2308;"31147.0"
"Richland County";"Richland County";911.4453;"45079.0"
"Richland Parish";"Richland Parish";302.0569;"22083.0"
"Richmond city";"Richmond city";644.9835;"51760.0"
"Richmond County";"Richmond County";634.1233;"36085.0"
"Riley County";"Riley County";240.0722;"20161.0"
"Ringgold County";"Ringgold County";59.1483;"19159.0"
"Rio Arriba County";"Rio Arriba County";563.9848;"35039.0"
"Rio Blanco County";"Rio Blanco County";132.2168;"8103.0"
"Rio Grande County";"Rio Grande County";152.5036;"8105.0"
"Ripley County";"Ripley County";320.6956;"29181.0"
"Ritchie County";"Ritchie County";158.8405;"54085.0"
"Riverside County";"Riverside County";304.8628;"6065.0"
"Roane County";"Roane County";248.8359;"47145.0"
"Roanoke city";"Roanoke city";550.4494;"51770.0"
"Roanoke County";"Roanoke County";159.3174;"51161.0"
"Roberts County";"Roberts County";601.6847;"48393.0"
"Robertson County";"Robertson County";394.7583;"47147.0"
"Robeson County";"Robeson County";809.8427;"37155.0"
"Rock County";"Rock County";892.8571;"27133.0"
"Rock Island County";"Rock Island County";374.8523;"17161.0"
"Rockbridge County";"Rockbridge County";89.658;"51163.0"
"Rockcastle County";"Rockcastle County";35.9432;"21203.0"
"Rockdale County";"Rockdale County";357.8044;"13247.0"
"Rockingham County";"Rockingham County";274.2768;"37157.0"
"Rockland County";"Rockland County";155.1871;"36087.0"
"Rockwall County";"Rockwall County";102.0588;"48397.0"
"Roger Mills County";"Roger Mills County";133.5827;"40129.0"
"Rogers County";"Rogers County";179.6864;"40131.0"
"Rolette County";"Rolette County";13.7155;"38079.0"
"Rooks County";"Rooks County";77.0713;"20163.0"
"Roosevelt County";"Roosevelt County";451.0148;"35041.0"
"Roscommon County";"Roscommon County";191.5549;"26143.0"
"Roseau County";"Roseau County";77.3196;"27135.0"
"Rosebud County";"Rosebud County";96.4734;"30087.0"
"Ross County";"Ross County";192.5298;"39141.0"
"Routt County";"Routt County";182.8776;"8107.0"
"Rowan County";"Rowan County";313.0354;"37159.0"
"Runnels County";"Runnels County";213.4058;"48399.0"
"Rush County";"Rush County";219.7112;"20165.0"
"Rusk County";"Rusk County";423.3337;"48401.0"
"Russell County";"Russell County";449.7776;"1113.0"
"Rutherford County";"Rutherford County";444.0823;"47149.0"
"Rutland County";"Rutland County";176.5036;"50021.0"
"Sabine County";"Sabine County";144.7737;"48403.0"
"Sabine Parish";"Sabine Parish";321.8486;"22085.0"
"Sac County";"Sac County";109.2245;"19161.0"
"Sacramento County";"Sacramento County";547.6937;"6067.0"
"Sagadahoc County";"Sagadahoc County";57.1216;"23023.0"
"Saginaw County";"Saginaw County";828.8305;"26145.0"
"Saguache County";"Saguache County";241.6237;"8109.0"
"Salem city";"Salem city";31.6218;"51775.0"
"Salem County";"Salem County";267.0104;"34033.0"
"Saline County";"Saline County";340.8316;"17165.0"
"Salt Lake County";"Salt Lake County";321.935;"49035.0"
"Saluda County";"Saluda County";447.9618;"45081.0"
"Sampson County";"Sampson County";188.6204;"37163.0"
"San Augustine County";"San Augustine County";319.3066;"48405.0"
"San Benito County";"San Benito County";376.7361;"6069.0"
"San Bernardino County";"San Bernardino County";432.4902;"6071.0"
"San Diego County";"San Diego County";368.6724;"6073.0"
"San Francisco County";"San Francisco County";701.4217;"6075.0"
"San Jacinto County";"San Jacinto County";245.7551;"48407.0"
"San Joaquin County";"San Joaquin County";887.1644;"6077.0"
"San Juan County";"San Juan County";675.0828;"35045.0"
"San Luis Obispo County";"San Luis Obispo County";327.7348;"6079.0"
"San Mateo County";"San Mateo County";235.3577;"6081.0"
"San Miguel County";"San Miguel County";469.5;"35047.0"
"San Patricio County";"San Patricio County";343.2269;"48409.0"
"San Saba County";"San Saba County";216.2342;"48411.0"
"Sanborn County";"Sanborn County";0.0;"46111.0"
"Sanders County";"Sanders County";132.0074;"30089.0"
"Sandoval County";"Sandoval County";260.6626;"35043.0"
"Sandusky County";"Sandusky County";184.6983;"39143.0"
"Sangamon County";"Sangamon County";817.9969;"17167.0"
"Sanilac County";"Sanilac County";222.3657;"26151.0"
"Sanpete County";"Sanpete County";81.4534;"49039.0"
"Santa Barbara County";"Santa Barbara County";377.0969;"6083.0"
"Santa Clara County";"Santa Clara County";265.4077;"6085.0"
"Santa Cruz County";"Santa Cruz County";386.387;"6087.0"
"Santa Fe County";"Santa Fe County";355.4398;"35049.0"
"Santa Rosa County";"Santa Rosa County";152.0832;"12113.0"
"Sarasota County";"Sarasota County";316.831;"12115.0"
"Saratoga County";"Saratoga County";68.3448;"36091.0"
"Sargent County";"Sargent County";0.0;"38081.0"
"Sarpy County";"Sarpy County";55.5126;"31153.0"
"Sauk County";"Sauk County";139.3243;"55111.0"
"Saunders County";"Saunders County";33.4464;"31155.0"
"Sawyer County";"Sawyer County";187.7309;"55113.0"
"Schenectady County";"Schenectady County";450.001;"36093.0"
"Schleicher County";"Schleicher County";31.1915;"48413.0"
"Schley County";"Schley County";117.9014;"13249.0"
"Schoharie County";"Schoharie County";59.6659;"36095.0"
"Schoolcraft County";"Schoolcraft County";424.3968;"26153.0"
"Schuyler County";"Schuyler County";113.7595;"36097.0"
"Schuylkill County";"Schuylkill County";204.1928;"42107.0"
"Scioto County";"Scioto County";139.47;"39145.0"
"Scotland County";"Scotland County";496.8772;"37165.0"
"Scott County";"Scott County";1163.1458;"29201.0"
"Scotts Bluff County";"Scotts Bluff County";73.274;"31157.0"
"Screven County";"Screven County";245.7865;"13251.0"
"Scurry County";"Scurry County";364.1198;"48415.0"
"Searcy County";"Searcy County";162.0342;"5129.0"
"Sebastian County";"Sebastian County";612.5238;"5131.0"
"Sedgwick County";"Sedgwick County";615.5338;"20173.0"
"Seminole County";"Seminole County";368.9212;"13253.0"
"Seneca County";"Seneca County";163.8002;"36099.0"
"Sequatchie County";"Sequatchie County";395.0685;"47153.0"
"Sequoyah County";"Sequoyah County";262.0214;"40135.0"
"Sevier County";"Sevier County";333.4402;"47155.0"
"Seward County";"Seward County";333.4758;"20175.0"
"Shackelford County";"Shackelford County";29.6296;"48417.0"
"Shannon County";"Shannon County";385.6816;"29203.0"
"Sharkey County";"Sharkey County";0.0;"28125.0"
"Sharp County";"Sharp County";93.8471;"5135.0"
"Shasta County";"Shasta County";725.2207;"6089.0"
"Shawano County";"Shawano County";88.8505;"55115.0"
"Shawnee County";"Shawnee County";488.1704;"20177.0"
"Sheboygan County";"Sheboygan County";169.6803;"55117.0"
"Shelby County";"Shelby County";1315.0038;"47157.0"
"Shenandoah County";"Shenandoah County";117.1399;"51171.0"
"Sherburne County";"Sherburne County";108.6981;"27141.0"
"Sheridan County";"Sheridan County";490.7306;"30091.0"
"Sherman County";"Sherman County";228.9452;"20181.0"
"Shiawassee County";"Shiawassee County";227.8665;"26155.0"
"Shoshone County";"Shoshone County";260.0473;"16079.0"
"Sibley County";"Sibley County";0.0;"27143.0"
"Sierra County";"Sierra County";557.9258;"6091.0"
"Silver Bow County";"Silver Bow County";257.7991;"30093.0"
"Simpson County";"Simpson County";213.5671;"21213.0"
"Sioux County";"Sioux County";101.3113;"19167.0"
"Siskiyou County";"Siskiyou County";237.4483;"6093.0"
"Sitka City and Borough";"Sitka City and Borough";133.0377;"2220.0"
"Skagit County";"Skagit County";194.3839;"53057.0"
"Skamania County";"Skamania County";115.3096;"53059.0"
"Slope County";"Slope County";0.0;"38087.0"
"Smith County";"Smith County";391.9845;"48423.0"
"Smyth County";"Smyth County";145.3305;"51173.0"
"Snohomish County";"Snohomish County";200.8277;"53061.0"
"Snyder County";"Snyder County";255.8635;"42109.0"
"Socorro County";"Socorro County";739.3085;"35053.0"
"Solano County";"Solano County";434.5697;"6095.0"
"Somerset County";"Somerset County";308.3013;"24039.0"
"Somervell County";"Somervell County";57.7501;"48425.0"
"Sonoma County";"Sonoma County";362.0019;"6097.0"
"Southampton County";"Southampton County";148.9409;"51175.0"
"Southeast Fairbanks Census Area";"Southeast Fairbanks Census Area";0.0;"2240.0"
"Spalding County";"Spalding County";546.7734;"13255.0"
"Spartanburg County";"Spartanburg County";431.3174;"45083.0"
"Spencer County";"Spencer County";56.699;"21215.0"
"Spink County";"Spink County";151.2859;"46115.0"
"Spokane County";"Spokane County";366.5013;"53063.0"
"Spotsylvania County";"Spotsylvania County";208.0912;"51177.0"
"St. Bernard Parish";"St. Bernard Parish";216.1814;"22087.0"
"St. Charles County";"St. Charles County";138.1545;"29183.0"
"St. Charles Parish";"St. Charles Parish";503.6395;"22089.0"
"St. Clair County";"St. Clair County";782.1543;"17163.0"
"St. Croix County";"St. Croix County";68.6605;"55109.0"
"St. Francis County";"St. Francis County";542.92;"5123.0"
"St. Francois County";"St. Francois County";268.8213;"29187.0"
"St. Helena Parish";"St. Helena Parish";496.5517;"22091.0"
"St. James Parish";"St. James Parish";579.2571;"22093.0"
"St. John the Baptist Parish";"St. John the Baptist Parish";139.3935;"22095.0"
"St. Johns County";"St. Johns County";281.4254;"12109.0"
"St. Joseph County";"St. Joseph County";341.1958;"18141.0"
"St. Landry Parish";"St. Landry Parish";551.2019;"22097.0"
"St. Lawrence County";"St. Lawrence County";110.7509;"36089.0"
"St. Louis city";"St. Louis city";1791.9954;"29510.0"
"St. Louis County";"St. Louis County";303.3619;"29189.0"
"St. Lucie County";"St. Lucie County";393.9588;"12111.0"
"St. Martin Parish";"St. Martin Parish";353.2568;"22099.0"
"St. Mary Parish";"St. Mary Parish";562.165;"22101.0"
"St. Mary's County";"St. Mary's County";234.4185;"24037.0"
"St. Tammany Parish";"St. Tammany Parish";184.8696;"22103.0"
"Stafford County";"Stafford County";183.5283;"20185.0"
"Stanislaus County";"Stanislaus County";547.1074;"6099.0"
"Stanley County";"Stanley County";167.729;"46117.0"
"Stanly County";"Stanly County";179.7642;"37167.0"
"Stanton County";"Stanton County";45.5789;"20187.0"
"Stark County";"Stark County";303.3838;"39151.0"
"Starke County";"Starke County";116.3944;"18149.0"
"Starr County";"Starr County";261.4463;"48427.0"
"Staunton city";"Staunton city";176.5914;"51790.0"
"Ste. Genevieve County";"Ste. Genevieve County";343.1207;"29186.0"
"Stearns County";"Stearns County";207.1115;"27145.0"
"Steele County";"Steele County";93.2401;"27147.0"
"Stephens County";"Stephens County";381.5754;"13257.0"
"Stephenson County";"Stephenson County";98.4168;"17177.0"
"Sterling County";"Sterling County";82.0345;"48431.0"
"Steuben County";"Steuben County";158.1348;"36101.0"
"Stevens County";"Stevens County";112.9944;"27149.0"
"Stewart County";"Stewart County";306.8403;"47161.0"
"Stillwater County";"Stillwater County";321.9575;"30095.0"
"Stoddard County";"Stoddard County";198.1195;"29207.0"
"Stokes County";"Stokes County";345.5826;"37169.0"
"Stone County";"Stone County";421.7657;"29209.0"
"Stonewall County";"Stonewall County";418.9944;"48433.0"
"Storey County";"Storey County";1217.656;"32029.0"
"Story County";"Story County";142.8479;"19169.0"
"Strafford County";"Strafford County";201.4559;"33017.0"
"Stutsman County";"Stutsman County";170.4545;"38093.0"
"Sublette County";"Sublette County";119.51;"56035.0"
"Suffolk city";"Suffolk city";318.449;"51800.0"
"Suffolk County";"Suffolk County";831.2343;"25025.0"
"Sullivan County";"Sullivan County";578.5625;"47163.0"
"Sully County";"Sully County";0.0;"46119.0"
"Summers County";"Summers County";154.833;"54089.0"
"Summit County";"Summit County";377.4288;"39153.0"
"Sumner County";"Sumner County";294.87;"47165.0"
"Sumter County";"Sumter County";767.6443;"45085.0"
"Sunflower County";"Sunflower County";371.4684;"28133.0"
"Surry County";"Surry County";339.9852;"51181.0"
"Susquehanna County";"Susquehanna County";127.7018;"42115.0"
"Sussex County";"Sussex County";457.2972;"10005.0"
"Sutter County";"Sutter County";333.5081;"6101.0"
"Sutton County";"Sutton County";74.8877;"48435.0"
"Suwannee County";"Suwannee County";354.4153;"12121.0"
"Swain County";"Swain County";320.1024;"37173.0"
"Sweet Grass County";"Sweet Grass County";109.0215;"30097.0"
"Sweetwater County";"Sweetwater County";433.2736;"56037.0"
"Swift County";"Swift County";199.0362;"27151.0"
"Swisher County";"Swisher County";347.8037;"48437.0"
"Switzerland County";"Switzerland County";28.5009;"18155.0"
"Talbot County";"Talbot County";234.6366;"24041.0"
"Taliaferro County";"Taliaferro County";176.1597;"13265.0"
"Talladega County";"Talladega County";326.7732;"1121.0"
"Tallahatchie County";"Tallahatchie County";72.9395;"28135.0"
"Tallapoosa County";"Tallapoosa County";497.5366;"1123.0"
"Tama County";"Tama County";324.3059;"19171.0"
"Taney County";"Taney County";520.7653;"29213.0"
"Tangipahoa Parish";"Tangipahoa Parish";952.8594;"22105.0"
"Taos County";"Taos County";184.6526;"35055.0"
"Tarrant County";"Tarrant County";416.1564;"48439.0"
"Tate County";"Tate County";334.8254;"28137.0"
"Tattnall County";"Tattnall County";62.6812;"13267.0"
"Taylor County";"Taylor County";673.7542;"12123.0"
"Tazewell County";"Tazewell County";236.1535;"17179.0"
"Tehama County";"Tehama County";561.3968;"6103.0"
"Telfair County";"Telfair County";271.2314;"13271.0"
"Teller County";"Teller County";206.2299;"8119.0"
"Tensas Parish";"Tensas Parish";40.7498;"22107.0"
"Terrebonne Parish";"Terrebonne Parish";382.265;"22109.0"
"Terrell County";"Terrell County";376.8566;"13273.0"
"Terry County";"Terry County";290.3555;"48445.0"
"Teton County";"Teton County";179.63;"56039.0"
"Texas County";"Texas County";163.0361;"40139.0"
"Thayer County";"Thayer County";77.0861;"31169.0"
"Thomas County";"Thomas County";340.9927;"13275.0"
"Throckmorton County";"Throckmorton County";62.5;"48447.0"
"Thurston County";"Thurston County";211.1377;"53067.0"
"Tift County";"Tift County";551.0599;"13277.0"
"Tillamook County";"Tillamook County";55.2988;"41057.0"
"Tillman County";"Tillman County";350.1491;"40141.0"
"Tioga County";"Tioga County";113.0396;"42117.0"
"Tippah County";"Tippah County";54.338;"28139.0"
"Tippecanoe County";"Tippecanoe County";302.4854;"18157.0"
"Tipton County";"Tipton County";418.9264;"47167.0"
"Tishomingo County";"Tishomingo County";66.5677;"28141.0"
"Titus County";"Titus County";202.5721;"48449.0"
"Todd County";"Todd County";147.6499;"27153.0"
"Tolland County";"Tolland County";35.6725;"9013.0"
"Tom Green County";"Tom Green County";274.0227;"48451.0"
"Tompkins County";"Tompkins County";82.998;"36109.0"
"Tooele County";"Tooele County";238.636;"49045.0"
"Toole County";"Toole County";0.0;"30101.0"
"Toombs County";"Toombs County";282.3305;"13279.0"
"Torrance County";"Torrance County";343.577;"35057.0"
"Towner County";"Towner County";172.637;"38095.0"
"Towns County";"Towns County";139.2628;"13281.0"
"Traill County";"Traill County";24.2571;"38097.0"
"Transylvania County";"Transylvania County";145.8834;"37175.0"
"Traverse County";"Traverse County";87.0827;"27155.0"
"Travis County";"Travis County";345.4201;"48453.0"
"Treasure County";"Treasure County";0.0;"30103.0"
"Trego County";"Trego County";100.6711;"20195.0"
"Trempealeau County";"Trempealeau County";67.6087;"55121.0"
"Treutlen County";"Treutlen County";59.5948;"13283.0"
"Trigg County";"Trigg County";132.9322;"21221.0"
"Trimble County";"Trimble County";45.3721;"21223.0"
"Trinity County";"Trinity County";156.157;"6105.0"
"Tripp County";"Tripp County";109.1306;"46123.0"
"Troup County";"Troup County";315.6995;"13285.0"
"Trousdale County";"Trousdale County";421.5636;"47169.0"
"Trumbull County";"Trumbull County";234.9328;"39155.0"
"Tucker County";"Tucker County";129.1619;"54093.0"
"Tulare County";"Tulare County";462.4094;"6107.0"
"Tulsa County";"Tulsa County";719.1413;"40143.0"
"Tunica County";"Tunica County";340.9091;"28143.0"
"Tuolumne County";"Tuolumne County";194.8992;"6109.0"
"Turner County";"Turner County";590.1156;"13287.0"
"Tuscaloosa County";"Tuscaloosa County";432.2257;"1125.0"
"Tuscarawas County";"Tuscarawas County";48.5584;"39157.0"
"Tuscola County";"Tuscola County";165.8589;"26157.0"
"Twiggs County";"Twiggs County";153.2838;"13289.0"
"Twin Falls County";"Twin Falls County";272.6465;"16083.0"
"Tyler County";"Tyler County";302.8327;"48457.0"
"Tyrrell County";"Tyrrell County";121.6841;"37177.0"
"Uinta County";"Uinta County";33.2289;"56041.0"
"Uintah County";"Uintah County";253.129;"49047.0"
"Ulster County";"Ulster County";154.6978;"36111.0"
"Umatilla County";"Umatilla County";143.3785;"41059.0"
"Unicoi County";"Unicoi County";176.9716;"47171.0"
"Union County";"Union County";604.5117;"5139.0"
"Union Parish";"Union Parish";290.9058;"22111.0"
"Upshur County";"Upshur County";288.3362;"48459.0"
"Upson County";"Upson County";180.6821;"13293.0"
"Upton County";"Upton County";29.656;"48461.0"
"Utah County";"Utah County";71.3909;"49049.0"
"Uvalde County";"Uvalde County";393.6715;"48463.0"
"Val Verde County";"Val Verde County";137.7949;"48465.0"
"Valdez-Cordova Census Area";"Valdez-Cordova Census Area";184.3696;"2261.0"
"Valencia County";"Valencia County";492.895;"35061.0"
"Valley County";"Valley County";322.715;"16085.0"
"Van Buren County";"Van Buren County";282.2875;"26159.0"
"Van Wert County";"Van Wert County";77.3042;"39161.0"
"Van Zandt County";"Van Zandt County";186.7342;"48467.0"
"Vance County";"Vance County";522.2282;"37181.0"
"Vanderburgh County";"Vanderburgh County";309.2647;"18163.0"
"Venango County";"Venango County";127.9982;"42121.0"
"Ventura County";"Ventura County";198.1849;"6111.0"
"Vermilion County";"Vermilion County";565.1757;"17183.0"
"Vermilion Parish";"Vermilion Parish";383.103;"22113.0"
"Vermillion County";"Vermillion County";132.2585;"18165.0"
"Vernon County";"Vernon County";410.5208;"29217.0"
"Vernon Parish";"Vernon Parish";222.4081;"22115.0"
"Victoria County";"Victoria County";543.1643;"48469.0"
"Vigo County";"Vigo County";229.0126;"18167.0"
"Vilas County";"Vilas County";32.7593;"55125.0"
"Vinton County";"Vinton County";105.4534;"39163.0"
"Virginia Beach city";"Virginia Beach city";167.4549;"51810.0"
"Volusia County";"Volusia County";431.3099;"12127.0"
"Wabash County";"Wabash County";205.7437;"17185.0"
"Wabasha County";"Wabasha County";41.9717;"27157.0"
"Wabaunsee County";"Wabaunsee County";141.8239;"20197.0"
"Wade Hampton Census Area";"Wade Hampton Census Area";0.0;"2270.0"
"Wadena County";"Wadena County";108.6642;"27159.0"
"Wagoner County";"Wagoner County";244.3857;"40145.0"
"Wahkiakum County";"Wahkiakum County";74.2207;"53069.0"
"Wake County";"Wake County";248.0783;"37183.0"
"Wakulla County";"Wakulla County";296.5637;"12129.0"
"Waldo County";"Waldo County";53.9291;"23027.0"
"Walker County";"Walker County";443.9528;"1127.0"
"Walla Walla County";"Walla Walla County";233.4957;"53071.0"
"Wallace County";"Wallace County";127.4697;"20199.0"
"Waller County";"Waller County";225.5988;"48473.0"
"Wallowa County";"Wallowa County";29.3513;"41063.0"
"Walsh County";"Walsh County";198.1268;"38099.0"
"Walthall County";"Walthall County";133.9495;"28147.0"
"Walton County";"Walton County";361.1617;"12131.0"
"Walworth County";"Walworth County";181.0282;"46129.0"
"Wapello County";"Wapello County";228.8717;"19179.0"
"Ward County";"Ward County";515.8307;"48475.0"
"Ware County";"Ware County";408.8605;"13299.0"
"Warren County";"Warren County";629.7229;"13301.0"
"Warrick County";"Warrick County";265.3606;"18173.0"
"Wasatch County";"Wasatch County";41.6084;"49051.0"
"Wasco County";"Wasco County";141.3039;"41065.0"
"Waseca County";"Waseca County";115.1953;"27161.0"
"Washakie County";"Washakie County";59.0807;"56043.0"
"Washburn County";"Washburn County";146.6276;"55129.0"
"Washington County";"Washington County";434.8228;"5143.0"
"Washington Parish";"Washington Parish";495.4868;"22117.0"
"Washita County";"Washita County";171.2622;"40149.0"
"Washoe County";"Washoe County";375.809;"32031.0"
"Washtenaw County";"Washtenaw County";294.4332;"26161.0"
"Watauga County";"Watauga County";129.8404;"37189.0"
"Watonwan County";"Watonwan County";107.7489;"27165.0"
"Waukesha County";"Waukesha County";61.9536;"55133.0"
"Waupaca County";"Waupaca County";109.0179;"55135.0"
"Waushara County";"Waushara County";110.9787;"55137.0"
"Wayne County";"Wayne County";1065.1883;"26163.0"
"Waynesboro city";"Waynesboro city";319.8044;"51820.0"
"Weakley County";"Weakley County";339.6226;"47183.0"
"Webb County";"Webb County";429.3415;"48479.0"
"Weber County";"Weber County";206.2729;"49057.0"
"Webster County";"Webster County";423.8203;"19187.0"
"Webster Parish";"Webster Parish";329.4164;"22119.0"
"Weld County";"Weld County";274.2925;"8123.0"
"Wells County";"Wells County";237.7556;"38103.0"
"West Baton Rouge Parish";"West Baton Rouge Parish";325.5606;"22121.0"
"West Carroll Parish";"West Carroll Parish";566.9429;"22123.0"
"West Feliciana Parish";"West Feliciana Parish";155.4002;"22125.0"
"Westchester County";"Westchester County";251.8574;"36119.0"
"Westmoreland County";"Westmoreland County";155.6133;"42129.0"
"Weston County";"Weston County";69.8519;"56045.0"
"Wetzel County";"Wetzel County";117.255;"54103.0"
"Wexford County";"Wexford County";260.3768;"26165.0"
"Wharton County";"Wharton County";400.33;"48481.0"
"Whatcom County";"Whatcom County";207.8962;"53073.0"
"Wheatland County";"Wheatland County";187.4414;"30107.0"
"Wheeler County";"Wheeler County";217.2339;"41069.0"
"White County";"White County";419.1434;"47185.0"
"White Pine County";"White Pine County";457.3929;"32033.0"
"Whiteside County";"Whiteside County";182.4279;"17195.0"
"Whitfield County";"Whitfield County";264.2188;"13313.0"
"Whitley County";"Whitley County";120.2259;"21235.0"
"Whitman County";"Whitman County";107.3653;"53075.0"
"Wibaux County";"Wibaux County";0.0;"30109.0"
"Wichita County";"Wichita County";430.1499;"48485.0"
"Wicomico County";"Wicomico County";549.0802;"24045.0"
"Wilbarger County";"Wilbarger County";434.0873;"48487.0"
"Wilcox County";"Wilcox County";336.075;"1131.0"
"Wilkes County";"Wilkes County";529.4705;"13317.0"
"Wilkin County";"Wilkin County";122.007;"27167.0"
"Wilkinson County";"Wilkinson County";116.6243;"13319.0"
"Will County";"Will County";167.6847;"17197.0"
"Willacy County";"Willacy County";597.6005;"48489.0"
"Williams County";"Williams County";368.3055;"38105.0"
"Williamsburg city";"Williamsburg city";131.527;"51830.0"
"Williamsburg County";"Williamsburg County";601.8084;"45089.0"
"Williamson County";"Williamson County";352.6388;"17199.0"
"Wilson County";"Wilson County";400.4065;"37195.0"
"Winchester city";"Winchester city";220.4586;"51840.0"
"Windham County";"Windham County";232.574;"50025.0"
"Windsor County";"Windsor County";112.3656;"50027.0"
"Winkler County";"Winkler County";420.7205;"48495.0"
"Winn Parish";"Winn Parish";337.5413;"22127.0"
"Winnebago County";"Winnebago County";854.9332;"17201.0"
"Winneshiek County";"Winneshiek County";28.5796;"19191.0"
"Winona County";"Winona County";81.98;"27169.0"
"Winston County";"Winston County";372.7325;"1133.0"
"Wirt County";"Wirt County";542.281;"54105.0"
"Wise County";"Wise County";172.4605;"51195.0"
"Wolfe County";"Wolfe County";27.5938;"21237.0"
"Wood County";"Wood County";323.4414;"54107.0"
"Woodbury County";"Woodbury County";305.493;"19193.0"
"Woodford County";"Woodford County";138.4768;"21239.0"
"Woodruff County";"Woodruff County";42.4208;"5147.0"
"Woods County";"Woods County";66.3643;"40151.0"
"Woodson County";"Woodson County";248.3701;"20207.0"
"Woodward County";"Woodward County";268.6019;"40153.0"
"Worcester County";"Worcester County";430.9695;"25027.0"
"Worth County";"Worth County";263.0219;"13321.0"
"Wright County";"Wright County";265.252;"29229.0"
"Wyandot County";"Wyandot County";40.0944;"39175.0"
"Wyandotte County";"Wyandotte County";590.4579;"20209.0"
"Wyoming County";"Wyoming County";373.6044;"54109.0"
"Wythe County";"Wythe County";102.2356;"51197.0"
"Yadkin County";"Yadkin County";325.9898;"37197.0"
"Yakima County";"Yakima County";359.4501;"53077.0"
"Yakutat City and Borough";"Yakutat City and Borough";0.0;"2282.0"
"Yalobusha County";"Yalobusha County";0.0;"28161.0"
"Yamhill County";"Yamhill County";126.0859;"41071.0"
"Yancey County";"Yancey County";91.0851;"37199.0"
"Yankton County";"Yankton County";237.9274;"46135.0"
"Yates County";"Yates County";79.5039;"36123.0"
"Yavapai County";"Yavapai County";319.8022;"4025.0"
"Yazoo County";"Yazoo County";279.7403;"28163.0"
"Yell County";"Yell County";274.0602;"5149.0"
"Yellow Medicine County";"Yellow Medicine County";69.0131;"27173.0"
"Yellowstone County";"Yellowstone County";288.0087;"30111.0"
"Yoakum County";"Yoakum County";122.1896;"48501.0"
"Yolo County";"Yolo County";271.7591;"6113.0"
"York County";"York County";488.3796;"45091.0"
"Young County";"Young County";147.2112;"48503.0"
"Yuba County";"Yuba County";388.601;"6115.0"
"Yukon-Koyukuk Census Area";"Yukon-Koyukuk Census Area";0.0;"2290.0"
"Yuma County";"Yuma County";346.4197;"4027.0"
"Zapata County";"Zapata County";208.4781;"48505.0"
"Zavala County";"Zavala County";411.3195;"48507.0"
"Ziebach County";"Ziebach County";35.2858;"46137.0"
