"UserId";"UserName";"Password"
1;"ispringtorp0";"itMcFdH"
2;"nsollitt1";"QXk2x0fYaO"
3;"lduligall2";"qNS92ad"
4;"edobbing3";"1794Dy1ZMpOw"
5;"epace4";"8xxZ7eRMDlTY"
6;"kgerber5";"rzb3uULG0"
7;"wvint6";"7ysyYQ6dp"
8;"dgeorgelin7";"gLQI75SOo"
9;"ldiscombe8";"sUHaV7KSpLAa"
10;"fcallington9";"LmoKbR"
11;"gantruma";"ZgWxxKhxF1"
12;"arawcliffb";"pJ03l1pulp0J"
13;"rseldonc";"ejSpmIkZ"
14;"wshillingd";"o4nIFV0Do"
15;"hjuanicoe";"iZ75MPUa"
16;"rhayhowf";"VZKTzN"
17;"lposseg";"BkjeJ4D"
18;"msperskih";"uIW7bhRoKt"
19;"dschimoneki";"scnUJj"
20;"tpaggittj";"AzjqpbmfZ"
21;"smarlek";"uWbCxbervz"
22;"rculshewl";"7QHh4t"
23;"ethomelinm";"PiUjqU"
24;"rherculesn";"X1hezW"
25;"kedlingo";"CsRN5Bj"
26;"dewbankep";"oN70a2K8S"
27;"oweldsq";"pN2mEL7XvW"
28;"pbabonaur";"P0Oz3w"
29;"jormes";"qMcTG2"
30;"htickt";"Y3aSDJ"
31;"gboncoeuru";"chy5SG"
32;"lrackamv";"YY6oabr"
33;"abelinw";"2STgK3"
34;"ccleverx";"VxZkzA0C"
35;"mgallony";"RJRx4vBn6TN7"
36;"jvarleyz";"KRwm88dTo"
37;"pmanssuer10";"iZSCTWm"
38;"llambourne11";"ryoyf55BhPb"
39;"sbortolozzi12";"fjY36YYkOJIw"
40;"flangelay13";"NL8jGXrhBNP"
41;"ytolworth14";"qlgQEb2HHc"
42;"srosita15";"zrQ8tZDoUZ"
43;"dbayfield16";"UcolVE4cMLsJ"
44;"mstiebler17";"FJpx2TrlGNZ0"
45;"cgummary18";"txC1y0wI"
46;"lstpierre19";"wF7d2iArS"
47;"fmarriage1a";"iOAZo6"
48;"obaggs1b";"3OxXR1sUtUXo"
49;"afrancomb1c";"PqDoDOittGo"
50;"bgronw1d";"YlqvZ9k"
51;"felcoux1e";"1WX93G2l"
52;"tchubb1f";"kT2iUmhQ"
53;"jpassie1g";"IbhsSt3cbnhY"
54;"pcummungs1h";"TR4bZo"
55;"ldallimore1i";"oHaxZoHo2"
56;"dbirdall1j";"NLyTtkLe0"
57;"vblose1k";"FKWdIdi145u"
58;"drotchell1l";"qFMd97F4RLsx"
59;"cmetcalf1m";"CSmF7iJb"
60;"cjezzard1n";"AJo5PDL"
61;"wbernhardsson1o";"HsrAoIpA0W"
62;"cbuxton1p";"031wYzfp"
63;"cclemintoni1q";"RjN8UKCnQKz2"
64;"jchelnam1r";"z1Cdm7i3e"
65;"mbabonau1s";"ulGDHI6Dh"
66;"ztelford1t";"XMLmr9GJPb"
67;"dcradey1u";"qG508OeV9aRn"
68;"rkyle1v";"OMLFkU6"
69;"sclawson1w";"FnrfZnwqs"
70;"tarnold1x";"b1t8kD8HD"
71;"sdunn1y";"vu69iKwnIE"
72;"mdosdill1z";"5ElNS8Ec"
73;"ehairon20";"N9be8KciPLMR"
74;"jricioppo21";"mQnUYV"
75;"kmccathie22";"nkN3ZHHi5"
76;"krobinson23";"DMb7hez8drZo"
77;"lspatari24";"d5bN6g"
78;"bhackney25";"Ey6006dZuBA"
79;"bmasters26";"acmiiLZBbG3"
80;"mtootal27";"ytkWutTxes8"
81;"bchristiensen28";"5mZrLX"
82;"cgolsby29";"Mu9N9M8"
83;"hpariss2a";"PyMGEz4w7EV"
84;"kzambonini2b";"OTzeVXU"
85;"dwychard2c";"vyUqeiVUts"
86;"vmcentee2d";"hhc9Aic"
87;"ldunster2e";"vkZB1Y"
88;"pforryan2f";"qP6fvctcn"
89;"maspling2g";"LuUkucPln"
90;"dhubberstey2h";"0oqeY8CufcHI"
91;"nfradgley2i";"IrN0oOf5"
92;"gskala2j";"ZKFZiZrN7z"
93;"cpetrushka2k";"G2lK8xSmTFz"
94;"capple2l";"5BwVhsnfCyAs"
95;"mtreneman2m";"mr3Ty8"
96;"fgettone2n";"Tr8kom"
97;"lpaine2o";"ZFOPHoc"
98;"tharston2p";"Q02R4UOsnl"
99;"chabbes2q";"Mlnr28GEQm"
100;"rbohike2r";"OYQZaeZQziw"
101;"roldridge2s";"oy4vVR"
102;"rgreenwood2t";"iwhKB3pc"
103;"rstripling2u";"2e38Sq4OWo"
104;"gpeachment2v";"YPuFoY9C9E"
105;"vaujouanet2w";"7Ij51CMjBJU"
106;"ggiraldo2x";"MIH7QFWNP"
107;"mlidgey2y";"g9OZoVO8ik7"
108;"gtrodden2z";"2pCcW3H5h"
109;"awrates30";"mOGI3O6A1l"
110;"kscough31";"MV1po9Q"
111;"dacey32";"fQ7YfQAG"
112;"ltallyn33";"nfVqvCGMQ"
113;"pjanata34";"SjytXOeobxhz"
114;"beadington35";"H1mRU8UgOK4"
115;"dhearle36";"wUKNRz4kUE"
116;"drookledge37";"KBv9Cqtq"
117;"fanthiftle38";"OiaLHHvnUFQn"
118;"iventam39";"q7oQYtcOy0"
119;"jlardge3a";"BToMxGo1VXk"
120;"brosser3b";"ctsrfDaNhN60"
121;"rdurtnel3c";"w29dlgJ4"
122;"bkincey3d";"4u6q3rJrZt7"
123;"hhegerty3e";"Oqjcdt"
124;"lmedeway3f";"P6loLx57jzQN"
125;"rcamolli3g";"VUbrZv"
126;"mtimothy3h";"6p4L0M"
127;"isongust3i";"evBJsxQ7"
128;"margile3j";"4hwaEZ2Zhr1"
129;"afante3k";"xjHEfEhv"
130;"anewlands3l";"wHzZVyreLT"
131;"mlygo3m";"DvrYdx"
132;"rbarhem3n";"kmENnOcFG"
133;"tbernardotti3o";"ivZbGf"
134;"aserjeantson3p";"6vQdflwN"
135;"fisard3q";"NiTAGaGQVvDu"
136;"lthorington3r";"OFSbXohxB54W"
137;"lmisken3s";"DrdeTcESm"
138;"cheinzler3t";"zbTPxyYrto"
139;"cburberow3u";"sTY6KGSskaCU"
140;"bsheffield3v";"48vukrZlub"
141;"mbollam3w";"y1VEOf9Nke5s"
142;"kvasilischev3x";"01so8KjhJlg"
143;"mfoggarty3y";"VrViSLu"
144;"slount3z";"OTgJ3UnM"
145;"ctschursch40";"at7owgaS"
146;"lpidwell41";"dzWsCdcLV9OT"
147;"khiley42";"4V1Zg7vtfQ"
148;"jtrevillion43";"0OiO8TQnnrfQ"
149;"ajeffs44";"JL9JGo9Wr0K"
150;"cmower45";"xLIDON8Iu"
151;"sparmeter46";"5OseInC"
152;"ncrisp47";"bS3GEVa"
153;"hsemble48";"9jkGhWZa"
154;"mkorn49";"aZURMioL7GLL"
155;"glung4a";"ZlwCipT99Bw"
156;"eblezard4b";"lpCSiW"
157;"fprodrick4c";"RbG3u1N"
158;"wgosse4d";"cmw9HHjF"
159;"syoselevitch4e";"l0p8lzRgvFhg"
160;"vbreheny4f";"b2KtV4RY"
161;"owhereat4g";"S6cL97"
162;"mmacfarlan4h";"SLYAcK6WH8T"
163;"zrawdales4i";"2bjRoDQOx"
164;"amclurg4j";"Qm77m1d"
165;"ealdine4k";"auvY1fM"
166;"tlinay4l";"OxfRDTefRbyr"
167;"aoronan4m";"RiqfTdXK"
168;"dcallar4n";"HtyYBJ0kRN"
169;"mkondratovich4o";"NHouz2SNxN"
170;"sowbridge4p";"I2MispO4k9am"
171;"bmeysham4q";"PG0jkMs"
172;"bnewcomen4r";"BLqLw4nR"
173;"ddeevey4s";"KphNac6oBy1"
174;"galeksandrikin4t";"Xl1GV5"
175;"amoralas4u";"qi7Ak43hB"
176;"cattreed4v";"3r6gUEy9mtB"
177;"ymccreadie4w";"uVKhDZo"
178;"sforseith4x";"kAd1iOzEH"
179;"mduchateau4y";"LPNlbKwl8H"
180;"theifer4z";"R1ZSBs0iLnc"
181;"dcroxall50";"UnTWT6w"
182;"btomsett51";"YDQJQQ"
183;"gstaning52";"Lcx0TJXf2F"
184;"yquinton53";"qQVW7p4vLy"
185;"jazema54";"CLfPDIpL9wHN"
186;"lanstiss55";"pSQefij"
187;"dwasbrough56";"Wxo92T4x"
188;"lspare57";"kAFyM4m"
189;"dlubeck58";"4L7ECkOlDD"
190;"tchallinor59";"9x6hsdiKCZv"
191;"oseely5a";"PEG1Bepi79IF"
192;"mstanners5b";"WunWxNI"
193;"ssoutar5c";"KfyMUZCXt"
194;"ksarver5d";"j39rq0DF579y"
195;"lgiovannelli5e";"g4BXaZR6"
196;"sbrushfield5f";"4A9UGNymw4K8"
197;"pmacy5g";"b0qVyPyfdm1e"
198;"lclucas5h";"Uks90neekAqw"
199;"lsilversmidt5i";"u9WLYmrhnO"
200;"nduffrie5j";"maiv5voJN"
201;"nmorrissey5k";"plptBJG"
202;"jchaplin5l";"7ytvzlLM5KO"
203;"llintall5m";"JP3FD2GRe6mI"
204;"ksandle5n";"q583A9"
205;"ajerok5o";"JXHBJBu0d"
206;"jnorcott5p";"JcLjAOXW4"
207;"hcopozio5q";"Uq8aqxgE3BJe"
208;"aguerreau5r";"GfA7pjw"
209;"dmunden5s";"lcMsMycu1"
210;"sbartholomew5t";"2AC1RL405W"
211;"gcess5u";"n5J7vRoV"
212;"wballin5v";"VkrAZu3xF"
213;"ggronauer5w";"rMopIh7vqa"
214;"mbutland5x";"y2Zq42C"
215;"vlinny5y";"Vmq99P3tPr"
216;"jlacelett5z";"BVQSFOBgJwNO"
217;"sgairdner60";"i80H9d8aYM5H"
218;"mcastagnaro61";"xFExQG"
219;"mhuzzey62";"MQYIfiC"
220;"rgarbutt63";"v5qWBs"
221;"hkhotler64";"xhZctFXnpnnB"
222;"fpicardo65";"lvGfJ19H6GY9"
223;"mhurleston66";"UX789vXE5Tf"
224;"lpelfer67";"xKmfDjY"
225;"sperkins68";"PpuW9HdVDDB"
226;"swakefield69";"VFUHTUWcrES"
227;"bjarlmann6a";"zXUbdE2"
228;"ksaph6b";"CfzZS04rgA"
229;"geisikovitsh6c";"nGAIBN"
230;"biacopini6d";"hlrKM79IBBZ3"
231;"avanderveldt6e";"Xi9vYY"
232;"shalpeine6f";"fuBabg5ri6"
233;"alyfield6g";"0U9F0QR6I"
234;"kserrier6h";"MirdFA"
235;"kflight6i";"aBzn8SvKWo"
236;"mlayland6j";"kszSO2GxFyYI"
237;"zholleworth6k";"U5B78XFur"
238;"jswigger6l";"tic6RMsn1"
239;"ifleischer6m";"KcPZAjc0yV"
240;"dwane6n";"gTrwPNjbZXyI"
241;"bcostan6o";"qOTt4P3l"
242;"bsandbatch6p";"x0cxvH"
243;"tbolletti6q";"8rUCtxrS5Z"
244;"zjaggi6r";"XFefKBvtSvys"
245;"splover6s";"trhfTj1"
246;"rcommuzzo6t";"Q5Cjo90UBw"
247;"kwhieldon6u";"V2M9Oaq"
248;"trobrose6v";"dsDhPAs"
249;"ikeppie6w";"kmkBUhrfXWGh"
250;"pbeamish6x";"paaDUh3ZlXz"
251;"amilillo6y";"ox8RPKQzU"
252;"gfreckelton6z";"ZGSWW03f4VOg"
253;"tryall70";"1aqvTgk2yNYb"
254;"aswainger71";"TrpfQn4c"
255;"femm72";"V51EnTt"
256;"bfreed73";"OmzMtsWQ0bk"
257;"bmanuely74";"5tYJcJBLBG"
258;"hgiacometti75";"E2zEEZXe3B"
259;"sgrouer76";"jwpVenjac"
260;"mlethabridge77";"I8Udw73"
261;"legerton78";"ruyjbWsI"
262;"ncolmore79";"MIWCszUvngZ"
263;"dslowley7a";"zaCZAzysKR"
264;"xorwin7b";"gQDI4hs"
265;"cwanjek7c";"qxw452g"
266;"mchewter7d";"l2XKNCR"
267;"mtellwright7e";"yJCZ6pObiG"
268;"rsalamon7f";"xIegKW"
269;"tswindon7g";"6pmERi1MIfFG"
270;"tdallas7h";"OtjvbTa"
271;"iwetherill7i";"iojQmu"
272;"stitheridge7j";"dJ5yceNYVux"
273;"gmcfeat7k";"tUPCisFv"
274;"kdeedes7l";"ZhsWVb5gaML"
275;"ginge7m";"y0zUGwB2"
276;"ngolightly7n";"LnF5G6"
277;"acrossfeld7o";"GEPI954TjYML"
278;"bmerill7p";"Taqs811SuX2x"
279;"cstoker7q";"SKaY8xb"
280;"iroseblade7r";"Mvzz5gkA"
281;"dbertwistle7s";"mAillPiE"
282;"ghedditeh7t";"7uepb9"
283;"nmcleod7u";"BJ3l98TU"
284;"wpoinsett7v";"18lF0MV"
285;"doggers7w";"m9knOecJlAU5"
286;"dstreet7x";"X4r402"
287;"acastilljo7y";"21tnpUMXCOj"
288;"osamworth7z";"AldEFGGvb"
289;"inovakovic80";"rvK8lNOYg"
290;"smacpherson81";"IaNU4qR"
291;"ddelayglesia82";"UuAFqCI"
292;"jalmak83";"7pZ1l5Sh"
293;"stosney84";"Gx0dU7sJ0tev"
294;"vyankov85";"rzAeu7osJ"
295;"bnouch86";"a618aq5sw"
296;"hfrancis87";"JphgsU"
297;"dgeard88";"pKAYF2MFY"
298;"sayliffe89";"OVx3Sa6UIn8"
299;"vkeen8a";"4v2p1tHgOhKf"
300;"cryder8b";"MgSRn1nUBLU"
301;"tstears8c";"3tJpv6G"
302;"hpentelow8d";"0t30uZ1NkgJ9"
303;"tzanazzi8e";"N2y7anE"
304;"ffoxcroft8f";"mJFzODrwmODj"
305;"mcoulbeck8g";"B6cVO0G2n5"
306;"iscotting8h";"TkEH0tU"
307;"btremontana8i";"f7vjmt4187fD"
308;"cfeltoe8j";"NVmav2L23S0o"
309;"caugustine8k";"Qxm2Yj86"
310;"tbarreau8l";"HslTLi"
311;"glytell8m";"sW9kRvj4su"
312;"jrembaud8n";"wRAFVTjBq3M"
313;"kkeoghane8o";"wxAihnDuObJi"
314;"rgummory8p";"76x4CptUa"
315;"epawlett8q";"2PxLZSf"
316;"pgeroldini8r";"7Oe6rj"
317;"kpentin8s";"WdBkiRxBvyq"
318;"kkleisle8t";"T7Zdtedj6"
319;"eswateridge8u";"7cri5kqQy6Lq"
320;"cdudin8v";"g8YSKkHUbqWX"
321;"eallder8w";"08DCvcKFJy"
322;"mhabershon8x";"Ff1aq8BnqwO"
323;"cdyers8y";"niny2ERo"
324;"fbordes8z";"hnjHkQZEYHmr"
325;"riacovuzzi90";"7siNGBCs"
326;"bfrancillo91";"0ppThhd2hLP"
327;"gconeley92";"91FVUiCKIVwQ"
328;"cjoesbury93";"F0IGpPZ"
329;"lroos94";"rE2UGf"
330;"sdeferrari95";"NI8oTQsVQcHU"
331;"tbrunroth96";"ttw1GN"
332;"nelcome97";"xwAtBTSuif8"
333;"mgillaspy98";"7GJfyq"
334;"aradenhurst99";"aN44gUEw"
335;"gmartindale9a";"y17eLG"
336;"esextie9b";"h83ThuPElM4"
337;"tbloxsum9c";"ejR8EjN"
338;"cruskin9d";"la9gzv"
339;"nbaversor9e";"UkMu3d2Za7"
340;"afanshaw9f";"0DFxwm8ti5"
341;"pdeadman9g";"WhMmRV"
342;"hkilroy9h";"mVZgZW9I1n"
343;"awarnes9i";"XFDz1c"
344;"usloane9j";"IsdaTF"
345;"rpapa9k";"q4CenRl"
346;"akellough9l";"p0VmF0C"
347;"apepis9m";"2lZ0O47z"
348;"dfussie9n";"jYuQcGxWc"
349;"mdaniely9o";"hx2LhsCTq8a5"
350;"lharflete9p";"e6DPhUMeKZ"
351;"lyouthed9q";"wcTMkTSK"
352;"flangstone9r";"JdwNEfn"
353;"kmatthewes9s";"qJInpp67Rv"
354;"jblyth9t";"wJ2RQwGhODSP"
355;"amontier9u";"z8TGFSl"
356;"gmatasov9v";"jlmFIFAhQpNq"
357;"fprickett9w";"B2B5nEwJ37vK"
358;"lhaymes9x";"rn90sYqRLI"
359;"svanderson9y";"JJRSpRvkLYA"
360;"rmaskew9z";"c5vDMr2GqE67"
361;"bgarberta0";"gFQzxs6zcx"
362;"rmetzkea1";"6CRnwdkFEBd"
363;"kreala2";"ohhtrdl"
364;"mbrocksa3";"CqIJt3BUnO"
365;"etinna4";"adYgaG95V19"
366;"nfulforda5";"SXlQUcXtC7"
367;"aroglieroa6";"SNCkmG6HtBaU"
368;"sheathfielda7";"cVYkvM2F7F"
369;"nfuluna8";"TCdn3W"
370;"jsouthgatea9";"AZxZUAPglmb"
371;"gskyrmaa";"Ww7p2O1DJJ0"
372;"yemmittab";"ZvBlWg"
373;"ostadenac";"m0Dgsjj"
374;"btittad";"RXrfPIalJ"
375;"cpassbyae";"nB1pczQVf"
376;"ascogginaf";"Pen8VyG"
377;"cpirdueag";"TLP5s139zoJ"
378;"hbodocsah";"7Jha3DVR6"
379;"ybricklebankai";"YZL1qJyLgn"
380;"lhindshawaj";"YDZY0fRz1"
381;"istreteak";"ymT5A8a6gc"
382;"eheinekenal";"ehMaeN5"
383;"llicquorisham";"2UW6O3"
384;"jmottonan";"SuAzng4Ly"
385;"gtomkinsao";"DgiWJU0yM"
386;"itolleyap";"ET4i3OcBA"
387;"edelosaq";"Y7LlzqCj3"
388;"lberfordar";"I8IPWGF"
389;"bwadlowas";"N4DOkR"
390;"ccrookat";"rhDKYQJAcF"
391;"cgrevesau";"TCjMpujD"
392;"clyndonav";"lLZxrFpGWR"
393;"acasillasaw";"V7yUrMdGda"
394;"btunnahax";"pDi0jxPXWA"
395;"pmckertonay";"6aZ615oj6qYg"
396;"malvaresaz";"PNN2Amh5Qv"
397;"cdenyb0";"QAuEiQKDA4o"
398;"tdionisettob1";"Y3mygUuUKFM"
399;"zlukacsb2";"OnRz9VsTMs"
400;"aopyb3";"5CSiQXscHt"
401;"wbranganb4";"vQ2k8u7j"
402;"etudgayb5";"eZBoWuw6"
403;"nscallanb6";"ftObCjjgKP"
404;"barmatysb7";"bPem1uXNVf"
405;"strevertonb8";"4JVxGsTB"
406;"hcooganb9";"5UFZlXrpN4F1"
407;"kmarkeyba";"OlrNWBc67"
408;"cgumarybb";"GmaZfqg7"
409;"kgobbetbc";"ZQ2LNO2S"
410;"jkolakowskibd";"aYd0RIk"
411;"ksanthousebe";"Ro149Sg"
412;"llafeebf";"8rl916Fa6UQ"
413;"cramshawbg";"DkiuMj7AAPUl"
414;"icoughlinbh";"q1uRWAYyc"
415;"telverstonebi";"jZbH3Q0mvht"
416;"rginnetybj";"Nthp533dB"
417;"vsaphirbk";"W4wYSe"
418;"ccourtbl";"ASIZ75vK"
419;"vkaliszbm";"0s2bOFgDD"
420;"gslanybn";"0MCXg9"
421;"dskittbo";"OfZJS2xS"
422;"dcucheybp";"EqqRUK"
423;"laspenlonbq";"bpoufU2Ka4"
424;"mstrippbr";"oedDyxeCyKV"
425;"ifenkelbs";"sILf8MW"
426;"kspilsteadbt";"lgK3e4B99Q"
427;"mmackeaguebu";"y9jCwqkpZzR"
428;"forrockbv";"BbZlaDY"
429;"htoffalonibw";"KgoaOLaCa0"
430;"gwigelsworthbx";"ChdPubHdzm"
431;"arubinshteinby";"vVXf4w"
432;"kmounseybz";"k32TcS"
433;"bbenbrickc0";"MWwRHdvWpDk7"
434;"hvashchenkoc1";"iaKfmF1"
435;"amoultc2";"Aq0T57GwTk9"
436;"ddoggartc3";"aTaCrumpmEd"
437;"bdanielic4";"O2sThN"
438;"etinanc5";"ymaEF8e"
439;"aneevec6";"JollInQ"
440;"kendersonc7";"6DML0tMyK"
441;"jreichhardtc8";"nZHEMN"
442;"ringyonc9";"kLoX4bzREs"
443;"civoryca";"04obRDSdN"
444;"awrettumcb";"aH0IuCVDHH"
445;"dfarrantscc";"bbVU1oWZLUF"
446;"tberggrencd";"g8j9O8B60"
447;"pjeroschce";"E7MCjzSj"
448;"kgammelcf";"lCniLyIg"
449;"vbockmancg";"afZqS9EFflGJ"
450;"cmackisonch";"YZE9bw"
451;"sjouningci";"Mmgmwke"
452;"ldsouzacj";"ku1EadFt"
453;"vluisettick";"NbHenP9itnDt"
454;"fgrumleycl";"Y1JquGRW2qIo"
455;"ewhinneycm";"b8p7GFOfno"
456;"stellenbrokercn";"jrjbvEKa"
457;"lapplewhiteco";"S6K8n1iSHsSv"
458;"smithuncp";"2ZiTgxx1dlw"
459;"mmccurrycq";"1IJmm3hGtH"
460;"sbeauvaiscr";"2VG6ubdJvS"
461;"tsidlecs";"G1RZweq4Q78M"
462;"shamsonct";"55aDm1LR"
463;"kthoringtoncu";"3ZcayHH"
464;"sclotworthycv";"JNPkMB"
465;"ychafneycw";"bmyMHfM7RUCY"
466;"mrottecx";"joJp2cqCxcv"
467;"kfardycy";"1Ku5ARyoFtqt"
468;"smcmurrayacz";"UA5KaN64MT"
469;"cklimkowskid0";"POfHo95LhH20"
470;"jillesd1";"3aegU4JFhpC"
471;"gwildsmithd2";"1KJJUG0t2h"
472;"ostuffinsd3";"BBHxMgapD"
473;"ayettsd4";"7ehGFd2n7v"
474;"lsandelld5";"FG1srdUQEwyQ"
475;"tpurled6";"SYD5sZ"
476;"sasched7";"Bhn1ncp6B"
477;"dtrevorrowd8";"uLcWcYjYaMl"
478;"nmuskd9";"adzGQIFI7Aln"
479;"cdivillda";"GLyXUhgcjQoj"
480;"cmccumskaydb";"J7sdwODK"
481;"khaddlestondc";"jJklg9l"
482;"mbrowndd";"vOiKlqN2svj"
483;"sglasardde";"syDTonvm"
484;"gduforedf";"tbteqXay"
485;"idesesquelledg";"wskx9hQXXRPf"
486;"aswinnertondh";"gZFOVDxKJEf"
487;"tguerrodi";"6jkhUGm9ek"
488;"msymesdj";"jnJAE0S"
489;"ovinnicombedk";"QksyX7GEO"
490;"vparzizekdl";"DJKHPreF"
491;"aaleswelldm";"0OX5RVG"
492;"rlynamdn";"Wdf4MQ5i"
493;"taltendo";"CK381l5hf"
494;"gavisondp";"GQc7tUdbbmc"
495;"kmuxworthydq";"KzJX2jr"
496;"drosenauerdr";"roVx9E9T9"
497;"bonealds";"vYnzOQnpX8"
498;"jfettisdt";"ZPTK2dj8jNW"
499;"cwoolnerdu";"d6wXpu"
500;"lspencersdv";"JQ14iJIo"
501;"kgreenroaddw";"wlhUjIdraq"
502;"jrotterydx";"43WEeb"
503;"sphilottdy";"S5wf70IdB"
504;"iedinboroughdz";"CYGeHEII1G"
505;"wcantoe0";"AeCkCCQTmE"
506;"trande1";"wDtnBXXS"
507;"jdarbone2";"rzAERb9W8qr"
508;"wmaykine3";"bILDxPTL"
509;"vlemaitree4";"b9hfBZaou"
510;"fcaprone5";"P4vJbWgkFXx"
511;"rclearse6";"EGMj0y"
512;"cforgee7";"sAg3tg"
513;"cbarmee8";"YmskUY0"
514;"mtanguye9";"2qyGgIC"
515;"caughtieea";"MMmGmQfqZj5L"
516;"ledisoneb";"7ncq1C"
517;"sportisec";"6wdAj4"
518;"dfeldsterned";"Sx0WzaVrg"
519;"hcornfieldee";"91laY3"
520;"vcouldwellef";"OTsKPf7"
521;"mumplebyeg";"4daIJUcDQ"
522;"csquireeh";"9soq3yZ9PF"
523;"tthiemeei";"oaKY866CLTrl"
524;"mmcfeatej";"8el24qttmiW"
525;"alintottek";"3gAzn2poa0x"
526;"kwrightemel";"3hX8ZwtRTf2"
527;"falwayem";"17VX4NT8SEfd"
528;"edullingen";"Gjxqf7R"
529;"rrydereo";"bBQYP3"
530;"gjollandsep";"LJYnsM6"
531;"hcawsbyeq";"jbwDektfJibn"
532;"wpaternoer";"pICZptJMqt"
533;"skairnses";"Q59wqtOa"
534;"nskillettet";"WlLBx75PsZ"
535;"asaggerseu";"O2PDAtkXFw"
536;"abygreavesev";"VicFje"
537;"eitschakovew";"PF77L1Gy"
538;"koxtabyex";"MZ59qQ6dJ7rv"
539;"rfaussetey";"zSQZ4m"
540;"tbulwardez";"qRZqNLN"
541;"seddingtonf0";"ym5hi6PtKSK"
542;"rbrizellf1";"8XwuiII4Pl"
543;"sbednallf2";"zyEIDbs"
544;"ltiltf3";"tsejDY"
545;"lgouldebyf4";"vdBqSqJfRR"
546;"wrosentholerf5";"iAlmdKqN"
547;"dsnowlingf6";"yLf7VJ6kzJ"
548;"mdelayglesiasf7";"J3vsB0LUBUL4"
549;"eabbottsf8";"selYIB7hnl"
550;"bbolgarf9";"5B6lkW222"
551;"jpropfa";"eocTWqPI"
552;"cizakofffb";"xRoOnkT4Izw"
553;"ikunzefc";"UTwKSreTgIgy"
554;"skeillohfd";"wK1D96vFYdkP"
555;"dmuffettfe";"0PvsK7vK0"
556;"djamiesonff";"DG0gds0OMYyn"
557;"edegliabbatifg";"FPQrtE"
558;"tlestrangefh";"H54EjY"
559;"pkeesfi";"6qTzlGg"
560;"bweekesfj";"i0czy45K"
561;"ptroyesfk";"FagoK7nqu49"
562;"cnovotnafl";"mHYZXz4VfS"
563;"vbookerfm";"5HJ6oRKY"
564;"bjirikfn";"8xqCPytd"
565;"bfritterfo";"9oNsWR47QU"
566;"clavarackfp";"BbfkxDkp5g3R"
567;"lnyefq";"i9V0eXo"
568;"smerceyfr";"b3bmzelmFY"
569;"gquiddintonfs";"lgOaOMJuG"
570;"mwillfordft";"4NE16Unh53K"
571;"bpetettfu";"xLAZstPxeb"
572;"aeddoesfv";"Ep2rpVVu"
573;"lsabaterfw";"tQzmlCfF"
574;"dskunesfx";"EWkTQG3"
575;"mverbekefy";"mJ80jNf2XBOk"
576;"jmacknessfz";"UE2EPEed"
577;"madlardg0";"ZymvRJrZ"
578;"mdurbanng1";"DlOMB2NtAd"
579;"dbernig2";"OLXoAyCPLR"
580;"wsucreg3";"tmI9LpSDz"
581;"ceggersg4";"hVHFOhcmNS"
582;"lcottillg5";"N7nFtAG"
583;"khollingsheadg6";"pOgnowOo"
584;"plinzeeg7";"VsxPJ3M"
585;"gvasilicg8";"AbDW4xEO"
586;"hgrzesg9";"GfDsC62ok"
587;"rpettersga";"OKHYauX"
588;"freinergb";"Q34f63Rc"
589;"kmantionegc";"phLNj7JglD"
590;"melsopgd";"nVCHyHx"
591;"istarlingge";"4vi3MZ"
592;"kgounotgf";"ODkH17sDK1"
593;"miacomettiigg";"cHATNhdG"
594;"umedhurstgh";"FfqZdX"
595;"kmcsweeneygi";"vqp6Z6e4dp1"
596;"tpincottgj";"pjySRY2bMmJX"
597;"eniesinggk";"Qj0vbQXQz"
598;"zboltwoodgl";"sZZ98OfOPWvh"
599;"nsommerlinggm";"bZPjmd7lhulm"
600;"bjenkinsgn";"D2YiHH"
601;"dartheygo";"sFHLASF6BU"
602;"bcreddongp";"4ZeDXHb7O"
603;"nconmangq";"8fV59c"
604;"cmussottigr";"DtBfgN82Nn"
605;"lmcgivenags";"9i9exU4EPcGy"
606;"scouronnegt";"rlkicjY"
607;"gschwandgu";"ytIGUXz0yW"
608;"sguillotgv";"vEYS049mep1x"
609;"nmacconneelygw";"KxNW3afR"
610;"smumbeygx";"cjYEr3"
611;"fmartengy";"1m14HrhiW"
612;"mderuggerogz";"wEBfv5alw7V"
613;"rkindallh0";"kTmNqVu"
614;"mtetherh1";"pauRSMTmD"
615;"tcecereh2";"bKNBz22N7c"
616;"mbucknallh3";"9qDwkjvAtWb"
617;"acorintonh4";"3SE7QeAq5V"
618;"opapesh5";"9WayReH9n"
619;"aouldcotth6";"2D7CEmA"
620;"gsewellh7";"ob3RxE"
621;"yfishleyh8";"zVvW9Cacu"
622;"aosirinh9";"pxaoO0d"
623;"ganticha";"xXx1tOqjpR3"
624;"cfligghb";"YYw4bVBHOq8"
625;"hfanstonehc";"dNqODv13"
626;"drudhamhd";"dxJKG1bMqu"
627;"ptitehe";"QuRBYUCB4y"
628;"mmeushf";"JLP6Piiy2x"
629;"gjearumhg";"6uRgy1"
630;"kcoultasshh";"pjQ52lb0"
631;"cmathivathi";"gcjGbVWniosQ"
632;"ttonnhj";"ETJQvT"
633;"smacgrayhk";"AZjec2"
634;"csargoodhl";"JIMj4XFCX"
635;"dnovishm";"t71U1n6"
636;"bwinslowhn";"r7q0Xtx"
637;"sgaunsonho";"7Rg9PezlbgbM"
638;"bburdgehp";"rCrjE9zTSM"
639;"ngrinnovhq";"cNw0ovGa0D2o"
640;"cpelehr";"TtEFRMiDBqv"
641;"genionhs";"2fY5lVLthnFn"
642;"bpigottht";"ysDNGfVTHps"
643;"tgocherhu";"crz0Q0chGU8l"
644;"cbourrelhv";"D60p2f9cm4"
645;"dpresserhw";"SC8FOF9VR"
646;"cdowzellhx";"2HvJCMXkDP5"
647;"rcomptonhy";"xFWS3a"
648;"rscattergoodhz";"zQxwy4jbw"
649;"ftribbecki0";"F99EIkQaARPP"
650;"gdutti1";"ZI84e8M9T"
651;"bbachsi2";"GO67vOUHnz"
652;"jsondoni3";"SoudIkx"
653;"lkeeltaghi4";"jHRjFDgw2Z4"
654;"ascandricki5";"pgU1VHE"
655;"jallchornei6";"d6eczT9"
656;"btodarii7";"v9MxxzLe"
657;"gbrogii8";"gBWH7Fp7bT2"
658;"pdelacii9";"ZW1ma7LZOYxe"
659;"kbuckthorpia";"Tan1MdYi1k"
660;"gmaplethorpeib";"yrUxTav"
661;"kporttic";"tKKnP2gd3AJ"
662;"rhowlesid";"AL0lrPsjm8D"
663;"jquidenhamie";"FQlvVn8x12J"
664;"epegramif";"OEoPy6a"
665;"bdahlbackig";"U1TEuA"
666;"gtolomelliih";"55FgoN6p"
667;"astirleyii";"Yz1uRqYA4VD"
668;"pquartonij";"qm5TejoZ9"
669;"omedlicottik";"JO04Axz5GS"
670;"kschleswigholsteinil";"yKNTP46Z5sK"
671;"hrubbertsim";"lzBtRCLnz"
672;"ihenmarshin";"loAuhsCiJ"
673;"cfilinkovio";"S5wUU8mu"
674;"cboweryip";"t7iZuZy"
675;"delphiq";"vTehi0p6l6XR"
676;"ncolquhounir";"sjNsZUb8"
677;"adelacroixis";"tkUFmO8"
678;"hparamorit";"DJ3YlBwwEQS"
679;"ebuttsiu";"jHOQHNv2c"
680;"nlorineziv";"JViaXQ"
681;"mballeiw";"8ZJLo9gB"
682;"orickfordix";"O0G1GZRMG"
683;"wlargentiy";"wrpjMHgmvoB"
684;"ericardiniz";"r93Pg6yWgBg"
685;"lwoodroughj0";"YqqIta6"
686;"lriggj1";"SXhikru"
687;"nalfonsettoj2";"QjrS0lvaC"
688;"dbesnardeauj3";"KrUostAIiN"
689;"mbarendsj4";"GHQSR1s2tO"
690;"ugreshamj5";"15xNbOM2b5M"
691;"swoolacottj6";"bmpCBvC"
692;"crowattj7";"iGNVrjUE"
693;"smaiorj8";"zhkn6vJUAf0"
694;"mdriversj9";"S9S6uH0vpn"
695;"eollandja";"LwTf5plFZqA7"
696;"rcooplandjb";"ywrZywkkI"
697;"mmateescujc";"WVrPKZ7R0t"
698;"sridewoodjd";"Tx5MUOafZ"
699;"lcolebeckje";"8xHMxJVI"
700;"jharteganjf";"pstOaX0l"
701;"aconklinjg";"4hEwHeh3"
702;"fseyffertjh";"t7aA5G"
703;"kanersenji";"MEfU32PadsHj"
704;"gstaplefordjj";"tTuSGpQ"
705;"sconaghyjk";"Vi0ISl3RPj"
706;"obodycombjl";"ZiVKDY68s"
707;"dredsulljm";"Rrftpsh2fD0"
708;"fosboldstonejn";"zTpanqvbP09"
709;"mattewelljo";"XS4svJWtc"
710;"bniblettjp";"eZKNrLtpKf4G"
711;"hmcbridejq";"BvPJoNpjrXGM"
712;"ldefrainejr";"PRnUn7uSCo"
713;"gcorderojs";"HNPjpHNxwR"
714;"mcaswalljt";"eCuRzQvAWMWd"
715;"warrellju";"9WcOl06IS"
716;"smckennanjv";"nOZ8RVvTi"
717;"fphilbrickjw";"4Jeeiqh"
718;"djutsonjx";"pOBX9ZFjmB"
719;"esaltsbergerjy";"XsbxCQsRIb"
720;"sgeavesjz";"lQBi9XeB"
721;"pacostak0";"stgKrUw"
722;"ocoochk1";"KZKvjnb7V"
723;"aboutellk2";"3ebekLI8s"
724;"sileyk3";"NuYjKv8IZRw"
725;"rreidiek4";"zwEF5YS"
726;"mbrahamsk5";"gJUOVDYUn6O"
727;"bstringfellowk6";"uxaZEGRBnj9"
728;"rspurriork7";"1SBDt9oRRN"
729;"msycek8";"DXcvA8RBH"
730;"bchidzoyk9";"5KPeIdqCrNsL"
731;"tprestneyka";"tLglRi6D"
732;"ljozwiakkb";"dsvsNLu"
733;"fjuggingskc";"revDAeJn26"
734;"aambrozkd";"q3uX0Z"
735;"cpattingsonke";"KTAUdBj"
736;"ychadwellkf";"mGfwOT"
737;"amcartankg";"7IyiEQhZ"
738;"kkirschkh";"R93Dnqo0sj"
739;"sdaffeyki";"W0HCAerXP"
740;"ravonkj";"B8TtHq8qpaQ"
741;"nhuckekk";"aBDzxn"
742;"spayskl";"jB7HUZ"
743;"bgonthardkm";"ylKdHz"
744;"jcollabinekn";"5C6fTr"
745;"zhillko";"S4JrtM"
746;"jkezoureckp";"t4CkoQFZk"
747;"cdutnallkq";"oeFQX6"
748;"esporrijkr";"rShNVdzJOOx2"
749;"phonschks";"koygBmq"
750;"mgeillierkt";"IxbtxPIi9y"
751;"cpoundfordku";"4XT0qZWAlM"
752;"cantonellinikv";"1t7tuydlYo4"
753;"rlackmannkw";"4sih0fcPxP0"
754;"emaccaddiekx";"r7pDsb0aiJK"
755;"cmcnellisky";"KE4q5M1n8"
756;"vlordkz";"5gKc6TgV3ttx"
757;"bbriarsl0";"0sLL6X14ng4"
758;"fburkinl1";"6Y0pvik"
759;"dtrattonl2";"UIF35qQctK"
760;"gtaksl3";"caJbf2S"
761;"ewilkersonl4";"C3CYHhdhCas"
762;"kferrol5";"DLxgDH"
763;"cmosedilll6";"TrR9efr42"
764;"gtroutbeckl7";"M5LD8QgHR"
765;"nburkel8";"4JtEaj"
766;"sblaxtonl9";"ogWXjELfv"
767;"mlantryla";"ln9oMwyP"
768;"cclaypoollb";"3lmitFOY"
769;"lmorlonlc";"Fc6Lvagw"
770;"sbalsdoneld";"JFRcIrUCvV4G"
771;"zsicklingle";"gfCEosirdH7"
772;"lpesaklf";"Mndsmrk7"
773;"abollardlg";"DoesTVew"
774;"aizkovicilh";"pkF0JEanS"
775;"cleathesli";"capNWO4zsvW"
776;"acallardlj";"hglCVd6"
777;"djerylk";"gIklLe"
778;"vhealyll";"uIX3Xs0VsXP"
779;"uhewinslm";"P9aeDqumS"
780;"bphilpaultln";"SkaXb3bfdQF"
781;"umccafferylo";"SzvGIMTj"
782;"rseatterlp";"v5z4kpS"
783;"shakelq";"l7LFxjysMppB"
784;"lspinneylr";"P4NwQvAlf"
785;"bchamleyls";"7vsSrQe8IpK"
786;"jtattersalllt";"6H0gtKUWLrZP"
787;"diapicolu";"9BUjAp"
788;"anelhamslv";"hvlhpDsZ"
789;"dmacfaydenlw";"ek80AIq"
790;"jaronstamlx";"0XsZjXuGB"
791;"eahlinly";"lZs7N7ze"
792;"cturneuxlz";"vIFxvXmKi"
793;"adeasm0";"cu1cteMmSTrv"
794;"adarwinm1";"YOGKmP"
795;"wpeersm2";"Xo1zNmfsC"
796;"bswainem3";"TXQWRBK0"
797;"hverrallsm4";"FdDSbgs07Gw"
798;"llandmanm5";"tOQebslzN9"
799;"mstaintonm6";"zP33YgotIMAr"
800;"gdustingm7";"7TatcVQ9"
801;"dvignem8";"4x7ltrtblc"
802;"rnandm9";"ECtsSq7N"
803;"glondorsma";"xfhZ0RY"
804;"lrolesmb";"5912H99"
805;"hadolphinemc";"6l5xNc"
806;"agauldmd";"WZY2390"
807;"cheadonme";"a12KlYhcTC"
808;"nwestmoremf";"nK5CE2Rq"
809;"cvanstonemg";"UyWfN7z"
810;"hwoodwingmh";"BkqhfrQb6Q"
811;"ktrittenmi";"52UgWMPFe9z6"
812;"gferrerasmj";"w9XoIsjk"
813;"lalldridgemk";"JXuhFOjFpM"
814;"dparleyml";"dpuELvAPwDGK"
815;"kswindellsmm";"OKIhh6lBFIQB"
816;"jharrellmn";"gE89dD"
817;"mjobernemo";"sjY6wN0N1plA"
818;"dgillimp";"FXYLUrmzDss"
819;"smougelmq";"9XlLMhRS"
820;"tscurrermr";"CtaGORl"
821;"bferreiroms";"VlKiJV66X"
822;"msalmanmt";"RXqAlUzFhZ"
823;"gtersaymu";"InZRT1q9"
824;"mkopkemv";"eVU5yEm"
825;"agreenliesmw";"VBmCMVvtF"
826;"emccaughranmx";"Vwwghzo47B"
827;"gcaesmansmy";"PG4Gq17ELf"
828;"afearymz";"hfxaqh"
829;"ewonesn0";"An02CHY"
830;"fgranen1";"mG5tftFu"
831;"mrizzinin2";"ql1YYdsK"
832;"stutchelln3";"bv5kd0mwiZ"
833;"jgreatorexn4";"iQnpfXwc"
834;"ljirickn5";"wACEIRpCu7"
835;"mstollsteinern6";"MQpbnTKx0"
836;"sfernien7";"IwkdFYJEH"
837;"bhuckeln8";"IUgqQpD8HzX7"
838;"ftabourn9";"vSCLDLggBxUm"
839;"rstricklandna";"EySMZEEPT"
840;"xfleynb";"iMk5f4Mex87x"
841;"gwerndlync";"QgII1C05ZYeR"
842;"lkulicnd";"DTUFtDo9Z6"
843;"rballaamne";"CCejw9m"
844;"nbellisonnf";"juzL8kcgT8q"
845;"erallinng";"Otc3ky03OZfK"
846;"astotnh";"vbWhcYg32Pw"
847;"rabrahamovitzni";"mAvtwiwL"
848;"dellisonnj";"5JGJsVayOdTj"
849;"ggateshillnk";"QbaApyQE6"
850;"ftenbrugnl";"aWhKIM"
851;"rparsleynm";"2FUGukU5Nf2N"
852;"dmoquinnn";"WKFp2hP4bjf"
853;"llomenno";"ZDeM210"
854;"cpavlovicnp";"iSfS5TLKj"
855;"tkingstnenq";"yPHpDOfi6"
856;"mlimprichtnr";"r9V9eJfE"
857;"adibdinns";"E2iMTJ"
858;"devettnt";"uHbT9F"
859;"hmaryonnu";"zOPEl2V5b"
860;"hjakesnv";"1ypEimy"
861;"creddannw";"c6fw2h"
862;"kelfenx";"HpXNxXrUD"
863;"sebrallny";"R6R1RVru"
864;"cdrablenz";"Spl98ulrcoJ"
865;"lzottoo0";"JODuRxht"
866;"ldallono1";"F0cD2Lt"
867;"hmorcombo2";"hBiQW3Z"
868;"vschulkeno3";"BEV99Sny3Mc"
869;"lprinnetto4";"lt7sbI8bqb"
870;"kstoppeo5";"C6ZWXVPcYfu"
871;"kbirkmyreo6";"8EvMFRRti"
872;"fmarkso7";"GuoAebq"
873;"robeeo8";"XraOqVCIo"
874;"acristofaninio9";"bwbJI9Z2ll"
875;"cgreseroa";"cxNCXSKQC"
876;"lgraalob";"ZgcayfSTvFz"
877;"lgaythwaiteoc";"tBVLFMgFhm"
878;"ndrakesod";"uNw9vcXv"
879;"cstenneroe";"LpaVku"
880;"csuffeof";"ILHMVhF"
881;"sskeletonog";"ybJd6oLn"
882;"dweatherelloh";"nJKcslL"
883;"wwickrathoi";"vQEVY6"
884;"ppancoustoj";"3bVgGD3"
885;"kmcnaeok";"wcXdAPEbNQ"
886;"nkubecol";"g2hpOuHUmv"
887;"bjaineom";"NLf2wYKGVrZD"
888;"jsuffon";"35ohBNUWO"
889;"bterbrugoo";"1VIDFCMtHpE"
890;"bmiddiffop";"cV42noofP"
891;"mwansburyoq";"llZ1bf4m"
892;"llibrior";"XoXEkM2Q1"
893;"nloughanos";"gfAxgZFv465L"
894;"bhegartyot";"ae9vrK"
895;"bpiaggiaou";"TuDg1VwC"
896;"gszaboov";"MAkIMouG"
897;"rpickenow";"CC8c8aUuh"
898;"dchatburnox";"lO6t67E"
899;"ecandieoy";"M0Bpdy"
900;"rroyceoz";"9byFunR76pYx"
901;"cdaintreyp0";"CCAF6wUbZ3"
902;"akasperp1";"dZm2JW35CHPE"
903;"comarkeyp2";"jcBTHFgCz"
904;"hlambshinep3";"qBw1O3we"
905;"bvanichkovp4";"ywZV6YOoq8xa"
906;"gcereceresp5";"a9xYCPB"
907;"cextillp6";"lO0IFH"
908;"tpoletp7";"Xcj5eFLgxV"
909;"jjeffesp8";"1tscmNSvdd"
910;"crobensp9";"ztaSKhuNc93U"
911;"jarmalpa";"NIuE0oN1K"
912;"mstegglespb";"jaGOQLY6pRu"
913;"rmirandapc";"v9GhP1vx"
914;"lhatrypd";"GdML9ua5j"
915;"rridlerpe";"c7V75M"
916;"haskampf";"Avfcpc"
917;"hbroadwoodpg";"e3XrwLSvf8c"
918;"fswabeyph";"2P42kbDS2lE1"
919;"rsawdonpi";"g9IfBFB2Zx"
920;"epierpointpj";"0nA57u5A6"
921;"gwimlettpk";"y0RGK5U"
922;"gchristophersonpl";"3pRUdGQ3Bq"
923;"bstringerpm";"Bh8xgazOr79T"
924;"msallowayepn";"zA4xRYngsd"
925;"bevensdenpo";"bjLQKSah"
926;"ndudingpp";"szTcCf"
927;"cjannpq";"ws8mdyzglC"
928;"rhuggonpr";"DULzNWHV"
929;"csallps";"Elr5b9SHKIK"
930;"rduchanpt";"lbDOe3j3BH"
931;"kpympu";"oH0bysPWezw"
932;"hofinanpv";"QitNQlOklHh4"
933;"sbiermanpw";"v7sgGdQl"
934;"ihobbertpx";"desijrGn4TWJ"
935;"bwatkinpy";"RNRNq2DbS"
936;"aklimshukpz";"vyGTaLK"
937;"sisgateq0";"sEQs2qbuwM"
938;"njansonq1";"yyNvBQwV3"
939;"dsimenotq2";"qwGf8ekvrAa"
940;"sbrodleyq3";"m5CIiRsHe"
941;"njuschkaq4";"jlsDZ8jp1vPP"
942;"gwilloughleyq5";"7FhMKASnysS8"
943;"iabercrombieq6";"oVWZzQH3"
944;"rsimononskyq7";"Zx7uIvDZm"
945;"mhasslocherq8";"tHlp5Qt"
946;"sdowdneyq9";"7f6lcKt"
947;"mmelodyqa";"xUFqTThJzi6"
948;"mpenticootqb";"SSYxln"
949;"dscaddenqc";"pNa9hfpF"
950;"egreensetqd";"XAHhTB"
951;"wceaserqe";"hsCAnSa"
952;"ashorterqf";"dUkQiZSsxcE"
953;"jskaseqg";"yoAVfQ4v8Tr"
954;"aperringtonqh";"Lg4dVK8Ot1"
955;"cmcevonqi";"HNzoQrosEp"
956;"tmarkwickqj";"qw7pCbgaVQr"
957;"hbowlandsqk";"XfYhkttyb"
958;"rmacarthurql";"h5zfl6V"
959;"wluttyqm";"uD2lcsJ"
960;"mtodariqn";"BRPnCt"
961;"saltoftsqo";"DLneKiih8u"
962;"tflowerdenqp";"KZ6H2YPqHRK1"
963;"drosenqq";"UDvZbWZge4Fl"
964;"etommisqr";"yjq3T9hFkH"
965;"sflayqs";"gO6YfNw"
966;"rkolyaginqt";"CT1Hfw3G"
967;"fholwellqu";"HVHn31"
968;"kbernhardssonqv";"NLX9Lzx3Hs"
969;"nbetancourtqw";"2gxMxMZxa"
970;"fhallingqx";"Q3W1laG"
971;"sstebbingsqy";"iMDPs93hBsP"
972;"ceakensqz";"sZKg5paa6ui"
973;"bbexonr0";"i7PnXZmkQ"
974;"dklemzr1";"WAjW8C4j"
975;"ddeluzer2";"j9cchAxjoN"
976;"gjedrzejczykr3";"vjHG8GLz5db8"
977;"zflohardr4";"DuD1I6jUmKf"
978;"ostricklerr5";"2lU5hXc"
979;"jperellr6";"0PDwavNs"
980;"hbenardr7";"mrs3Dxz"
981;"zkimbreyr8";"XW21Kq4YAM"
982;"agoldsteinr9";"4KASBcmQL4"
983;"xdederichra";"MLrqKuTTSEY"
984;"tvolettrb";"YOxZpW"
985;"ausherwoodrc";"IwjqCksA"
986;"erontschrd";"OqiuMG5"
987;"amccabere";"lyjGTg"
988;"nblundelrf";"QXYV5DJ"
989;"mkivlehanrg";"KZoJnnaBUF"
990;"kbanyardrh";"MT8znSy8"
991;"lobrienri";"c42MxLfIk"
992;"tdelguarj";"JQbucl"
993;"rissittrk";"0Qjs1Hgcy9Hn"
994;"dwinterbothamrl";"mx2mZ0m"
995;"hklaggemanrm";"T35yQV"
996;"aroddyrn";"hP4LPh"
997;"bsemensro";"Job1TUsVND"
998;"rtomankiewiczrp";"k4s311"
999;"ebownessrq";"Z0fndDqN"
1000;"hlaughreyrr";"LL9wK37m"
